order_book_id,symbol,filtered_reason,date,rank
113502.XSHG,嘉澳转债,停牌,2018-01-08,17
113502.XSHG,嘉澳转债,停牌,2018-01-15,22
113502.XSHG,嘉澳转债,停牌,2018-01-22,18
113502.XSHG,嘉澳转债,停牌,2018-01-29,21
113502.XSHG,嘉澳转债,停牌,2018-02-05,19
113502.XSHG,嘉澳转债,停牌,2018-02-12,16
113502.XSHG,嘉澳转债,停牌,2018-02-22,16
113502.XSHG,嘉澳转债,停牌,2018-02-26,20
123007.XSHE,道氏转债,停牌,2018-03-05,16
113502.XSHG,嘉澳转债,停牌,2018-03-05,27
123007.XSHE,道氏转债,停牌,2018-03-12,20
113502.XSHG,嘉澳转债,停牌,2018-03-12,26
123007.XSHE,道氏转债,停牌,2018-03-19,19
113502.XSHG,嘉澳转债,停牌,2018-03-19,26
123007.XSHE,道氏转债,停牌,2018-03-26,17
113502.XSHG,嘉澳转债,停牌,2018-03-26,26
123007.XSHE,道氏转债,停牌,2018-04-02,20
113502.XSHG,嘉澳转债,停牌,2018-04-02,29
113016.XSHG,小康转债,停牌,2018-04-09,12
123007.XSHE,道氏转债,停牌,2018-04-09,16
113502.XSHG,嘉澳转债,停牌,2018-04-09,26
123007.XSHE,道氏转债,停牌,2018-04-16,18
113502.XSHG,嘉澳转债,停牌,2018-04-16,28
123007.XSHE,道氏转债,停牌,2018-04-23,18
113502.XSHG,嘉澳转债,停牌,2018-04-23,27
123007.XSHE,道氏转债,停牌,2018-05-02,17
113502.XSHG,嘉澳转债,停牌,2018-05-02,31
123007.XSHE,道氏转债,停牌,2018-05-07,18
128022.XSHE,众信转债,停牌,2018-05-07,23
113502.XSHG,嘉澳转债,停牌,2018-05-07,29
123007.XSHE,道氏转债,停牌,2018-05-14,21
128022.XSHE,众信转债,停牌,2018-05-14,26
128036.XSHE,金农转债,停牌,2018-05-21,6
128022.XSHE,众信转债,停牌,2018-05-21,29
128036.XSHE,金农转债,停牌,2018-05-28,6
128022.XSHE,众信转债,停牌,2018-05-28,29
123004.XSHE,铁汉转债,停牌,2018-05-28,51
128022.XSHE,众信转债,停牌,2018-06-04,34
123004.XSHE,铁汉转债,停牌,2018-06-04,53
128022.XSHE,众信转债,停牌,2018-06-11,25
123004.XSHE,铁汉转债,停牌,2018-06-11,50
113008.XSHG,电气转债,停牌,2018-06-11,63
110039.XSHG,宝信转债,已公告强赎,2018-06-19,12
123004.XSHE,铁汉转债,停牌,2018-06-19,46
113008.XSHG,电气转债,停牌,2018-06-19,62
110039.XSHG,宝信转债,已公告强赎,2018-06-25,38
123004.XSHE,铁汉转债,停牌,2018-06-25,47
113008.XSHG,电气转债,停牌,2018-06-25,63
123004.XSHE,铁汉转债,停牌,2018-07-02,47
110039.XSHG,宝信转债,已公告强赎,2018-07-02,56
113008.XSHG,电气转债,停牌,2018-07-02,66
123004.XSHE,铁汉转债,停牌,2018-07-09,46
110039.XSHG,宝信转债,停牌,2018-07-09,51
113008.XSHG,电气转债,停牌,2018-07-09,65
123004.XSHE,铁汉转债,停牌,2018-07-16,48
113008.XSHG,电气转债,停牌,2018-07-16,65
123004.XSHE,铁汉转债,停牌,2018-07-23,41
123005.XSHE,万信转债,已公告强赎,2018-07-23,62
113008.XSHG,电气转债,停牌,2018-07-23,67
123004.XSHE,铁汉转债,停牌,2018-07-30,48
113008.XSHG,电气转债,停牌,2018-07-30,65
123005.XSHE,万信转债,规模小于一亿,2018-07-30,66
123004.XSHE,铁汉转债,停牌,2018-08-06,47
123005.XSHE,万信转债,规模小于一亿,2018-08-06,54
113008.XSHG,电气转债,停牌,2018-08-06,69
123004.XSHE,铁汉转债,停牌,2018-08-13,48
123005.XSHE,万信转债,规模小于一亿,2018-08-13,64
128012.XSHE,辉丰转债,停牌,2018-08-13,77
123004.XSHE,铁汉转债,停牌,2018-08-20,48
123005.XSHE,万信转债,已公告强赎,2018-08-20,66
123004.XSHE,铁汉转债,停牌,2018-08-27,54
123005.XSHE,万信转债,已公告强赎,2018-08-27,71
123004.XSHE,铁汉转债,停牌,2018-09-03,56
123004.XSHE,铁汉转债,停牌,2018-09-10,53
123004.XSHE,铁汉转债,停牌,2018-09-17,55
123004.XSHE,铁汉转债,停牌,2018-09-25,56
123004.XSHE,铁汉转债,停牌,2018-10-08,56
123004.XSHE,铁汉转债,停牌,2018-10-15,48
123004.XSHE,铁汉转债,停牌,2018-10-22,54
128022.XSHE,众信转债,停牌,2018-10-22,75
123007.XSHE,道氏转债,停牌,2018-10-22,85
123004.XSHE,铁汉转债,停牌,2018-10-29,49
123004.XSHE,铁汉转债,停牌,2018-11-05,54
123004.XSHE,铁汉转债,停牌,2018-11-12,56
123004.XSHE,铁汉转债,停牌,2018-11-19,61
123004.XSHE,铁汉转债,停牌,2018-11-26,51
123004.XSHE,铁汉转债,停牌,2018-12-03,61
123004.XSHE,铁汉转债,停牌,2018-12-10,56
123004.XSHE,铁汉转债,停牌,2018-12-17,60
113010.XSHG,江南转债,规模小于一亿,2019-01-28,104
113010.XSHG,江南转债,规模小于一亿,2019-02-11,105
113010.XSHG,江南转债,已公告强赎,2019-02-18,0
123013.XSHE,横河转债,规模小于一亿,2019-03-11,71
110032.XSHG,三一转债,已公告强赎,2019-03-11,105
123013.XSHE,横河转债,规模小于一亿,2019-03-18,103
110032.XSHG,三一转债,已公告强赎,2019-03-18,116
123013.XSHE,横河转债,规模小于一亿,2019-03-25,57
123008.XSHE,康泰转债,已公告强赎,2019-03-25,106
110032.XSHG,三一转债,停牌,2019-03-25,120
123013.XSHE,横河转债,规模小于一亿,2019-04-01,62
123008.XSHE,康泰转债,已公告强赎,2019-04-01,125
128040.XSHE,华通转债,停牌,2019-04-08,7
123013.XSHE,横河转债,规模小于一亿,2019-04-08,48
113506.XSHG,鼎信转债,规模小于一亿,2019-04-08,85
123008.XSHE,康泰转债,规模小于一亿,2019-04-08,130
123006.XSHE,东财转债,已公告强赎,2019-04-08,131
128040.XSHE,华通转债,停牌,2019-04-15,15
128043.XSHE,东音转债,停牌,2019-04-15,22
113512.XSHG,景旺转债,已公告强赎,2019-04-15,32
123013.XSHE,横河转债,规模小于一亿,2019-04-15,65
113506.XSHG,鼎信转债,规模小于一亿,2019-04-15,82
113015.XSHG,隆基转债,停牌,2019-04-15,106
123006.XSHE,东财转债,已公告强赎,2019-04-15,129
123008.XSHE,康泰转债,规模小于一亿,2019-04-15,133
128043.XSHE,东音转债,停牌,2019-04-22,33
123013.XSHE,横河转债,规模小于一亿,2019-04-22,45
113512.XSHG,景旺转债,已公告强赎,2019-04-22,53
113506.XSHG,鼎信转债,规模小于一亿,2019-04-22,119
113018.XSHG,常熟转债,已公告强赎,2019-04-22,121
123006.XSHE,东财转债,已公告强赎,2019-04-22,137
123008.XSHE,康泰转债,规模小于一亿,2019-04-22,139
123013.XSHE,横河转债,规模小于一亿,2019-04-29,6
113512.XSHG,景旺转债,已公告强赎,2019-04-29,72
113506.XSHG,鼎信转债,已公告强赎,2019-04-29,115
113018.XSHG,常熟转债,已公告强赎,2019-04-29,129
123006.XSHE,东财转债,已公告强赎,2019-04-29,134
123008.XSHE,康泰转债,规模小于一亿,2019-04-29,146
123013.XSHE,横河转债,规模小于一亿,2019-05-06,12
123006.XSHE,东财转债,已公告强赎,2019-05-06,94
113506.XSHG,鼎信转债,已公告强赎,2019-05-06,103
110044.XSHG,广电转债,规模小于一亿,2019-05-06,115
113018.XSHG,常熟转债,已公告强赎,2019-05-06,128
128041.XSHE,盛路转债,规模小于一亿,2019-05-06,136
123008.XSHE,康泰转债,已公告强赎,2019-05-06,145
123013.XSHE,横河转债,规模小于一亿,2019-05-13,13
113018.XSHG,常熟转债,已公告强赎,2019-05-13,101
123006.XSHE,东财转债,已公告强赎,2019-05-13,129
128041.XSHE,盛路转债,规模小于一亿,2019-05-13,137
110044.XSHG,广电转债,规模小于一亿,2019-05-13,148
123008.XSHE,康泰转债,已公告强赎,2019-05-13,149
123013.XSHE,横河转债,规模小于一亿,2019-05-20,13
113018.XSHG,常熟转债,已公告强赎,2019-05-20,109
123006.XSHE,东财转债,已公告强赎,2019-05-20,130
128041.XSHE,盛路转债,规模小于一亿,2019-05-20,142
110044.XSHG,广电转债,规模小于一亿,2019-05-20,150
123013.XSHE,横河转债,规模小于一亿,2019-05-27,21
128041.XSHE,盛路转债,规模小于一亿,2019-05-27,134
113507.XSHG,天马转债,规模小于一亿,2019-05-27,145
110044.XSHG,广电转债,规模小于一亿,2019-05-27,151
123013.XSHE,横河转债,规模小于一亿,2019-06-03,33
110056.XSHG,亨通转债,停牌,2019-06-03,109
113507.XSHG,天马转债,规模小于一亿,2019-06-03,127
128041.XSHE,盛路转债,规模小于一亿,2019-06-03,135
110044.XSHG,广电转债,规模小于一亿,2019-06-03,155
123013.XSHE,横河转债,规模小于一亿,2019-06-10,29
113507.XSHG,天马转债,规模小于一亿,2019-06-10,105
110056.XSHG,亨通转债,停牌,2019-06-10,110
128041.XSHE,盛路转债,规模小于一亿,2019-06-10,142
110044.XSHG,广电转债,规模小于一亿,2019-06-10,151
123013.XSHE,横河转债,规模小于一亿,2019-06-17,60
123021.XSHE,万信转2,停牌,2019-06-17,62
113507.XSHG,天马转债,规模小于一亿,2019-06-17,86
110056.XSHG,亨通转债,停牌,2019-06-17,119
128041.XSHE,盛路转债,规模小于一亿,2019-06-17,141
110044.XSHG,广电转债,规模小于一亿,2019-06-17,157
123013.XSHE,横河转债,规模小于一亿,2019-06-24,41
113507.XSHG,天马转债,规模小于一亿,2019-06-24,66
113517.XSHG,曙光转债,停牌,2019-06-24,103
113513.XSHG,安井转债,规模小于一亿,2019-06-24,135
128041.XSHE,盛路转债,规模小于一亿,2019-06-24,140
110044.XSHG,广电转债,规模小于一亿,2019-06-24,158
123013.XSHE,横河转债,规模小于一亿,2019-07-01,18
113507.XSHG,天马转债,规模小于一亿,2019-07-01,66
128041.XSHE,盛路转债,规模小于一亿,2019-07-01,139
113513.XSHG,安井转债,规模小于一亿,2019-07-01,143
110044.XSHG,广电转债,规模小于一亿,2019-07-01,158
123013.XSHE,横河转债,规模小于一亿,2019-07-08,41
113507.XSHG,天马转债,规模小于一亿,2019-07-08,63
128041.XSHE,盛路转债,规模小于一亿,2019-07-08,131
110044.XSHG,广电转债,规模小于一亿,2019-07-08,154
123013.XSHE,横河转债,规模小于一亿,2019-07-15,42
113507.XSHG,天马转债,规模小于一亿,2019-07-15,52
128041.XSHE,盛路转债,规模小于一亿,2019-07-15,97
110044.XSHG,广电转债,规模小于一亿,2019-07-15,157
113507.XSHG,天马转债,规模小于一亿,2019-07-22,29
123013.XSHE,横河转债,规模小于一亿,2019-07-22,44
128041.XSHE,盛路转债,规模小于一亿,2019-07-22,52
128054.XSHE,中宠转债,停牌,2019-07-22,87
110044.XSHG,广电转债,规模小于一亿,2019-07-22,156
113507.XSHG,天马转债,规模小于一亿,2019-07-29,33
123013.XSHE,横河转债,规模小于一亿,2019-07-29,41
128054.XSHE,中宠转债,停牌,2019-07-29,83
128041.XSHE,盛路转债,规模小于一亿,2019-07-29,87
110048.XSHG,福能转债,停牌,2019-07-29,108
128024.XSHE,宁行转债,已公告强赎,2019-07-29,127
110044.XSHG,广电转债,规模小于一亿,2019-07-29,156
110040.XSHG,生益转债,已公告强赎,2019-07-29,157
113507.XSHG,天马转债,规模小于一亿,2019-08-05,33
123013.XSHE,横河转债,规模小于一亿,2019-08-05,35
128041.XSHE,盛路转债,规模小于一亿,2019-08-05,67
128024.XSHE,宁行转债,已公告强赎,2019-08-05,74
113503.XSHG,泰晶转债,规模小于一亿,2019-08-05,107
110044.XSHG,广电转债,规模小于一亿,2019-08-05,125
113507.XSHG,天马转债,规模小于一亿,2019-08-12,14
123013.XSHE,横河转债,规模小于一亿,2019-08-12,47
128041.XSHE,盛路转债,规模小于一亿,2019-08-12,48
128024.XSHE,宁行转债,已公告强赎,2019-08-12,93
110044.XSHG,广电转债,规模小于一亿,2019-08-12,104
113503.XSHG,泰晶转债,规模小于一亿,2019-08-12,149
113507.XSHG,天马转债,规模小于一亿,2019-08-19,27
123013.XSHE,横河转债,规模小于一亿,2019-08-19,54
128024.XSHE,宁行转债,已公告强赎,2019-08-19,60
128041.XSHE,盛路转债,规模小于一亿,2019-08-19,121
110044.XSHG,广电转债,规模小于一亿,2019-08-19,122
113503.XSHG,泰晶转债,规模小于一亿,2019-08-19,135
128024.XSHE,宁行转债,已公告强赎,2019-08-26,0
113507.XSHG,天马转债,规模小于一亿,2019-08-26,19
127010.XSHE,平银转债,已公告强赎,2019-08-26,34
123013.XSHE,横河转债,规模小于一亿,2019-08-26,36
113503.XSHG,泰晶转债,规模小于一亿,2019-08-26,53
113015.XSHG,隆基转债,已公告强赎,2019-08-26,123
128041.XSHE,盛路转债,规模小于一亿,2019-08-26,129
110044.XSHG,广电转债,规模小于一亿,2019-08-26,133
113507.XSHG,天马转债,规模小于一亿,2019-09-02,29
123013.XSHE,横河转债,规模小于一亿,2019-09-02,36
127010.XSHE,平银转债,已公告强赎,2019-09-02,37
113503.XSHG,泰晶转债,规模小于一亿,2019-09-02,54
127009.XSHE,冰轮转债,已公告强赎,2019-09-02,67
128041.XSHE,盛路转债,规模小于一亿,2019-09-02,120
113015.XSHG,隆基转债,已公告强赎,2019-09-02,150
110044.XSHG,广电转债,规模小于一亿,2019-09-02,155
113507.XSHG,天马转债,规模小于一亿,2019-09-09,30
123013.XSHE,横河转债,规模小于一亿,2019-09-09,34
127010.XSHE,平银转债,已公告强赎,2019-09-09,46
113503.XSHG,泰晶转债,规模小于一亿,2019-09-09,78
127009.XSHE,冰轮转债,已公告强赎,2019-09-09,113
123001.XSHE,蓝标转债,已公告强赎,2019-09-09,147
128041.XSHE,盛路转债,规模小于一亿,2019-09-09,152
110044.XSHG,广电转债,规模小于一亿,2019-09-09,159
128052.XSHE,凯龙转债,规模小于一亿,2019-09-09,168
127008.XSHE,特发转债,规模小于一亿,2019-09-09,170
123013.XSHE,横河转债,规模小于一亿,2019-09-16,37
127010.XSHE,平银转债,已公告强赎,2019-09-16,43
113507.XSHG,天马转债,规模小于一亿,2019-09-16,45
127009.XSHE,冰轮转债,已公告强赎,2019-09-16,127
113503.XSHG,泰晶转债,规模小于一亿,2019-09-16,133
128027.XSHE,崇达转债,已公告强赎,2019-09-16,148
123001.XSHE,蓝标转债,规模小于一亿,2019-09-16,152
128041.XSHE,盛路转债,规模小于一亿,2019-09-16,159
110044.XSHG,广电转债,规模小于一亿,2019-09-16,163
128052.XSHE,凯龙转债,规模小于一亿,2019-09-16,173
127008.XSHE,特发转债,规模小于一亿,2019-09-16,174
127010.XSHE,平银转债,已公告强赎,2019-09-23,0
123013.XSHE,横河转债,规模小于一亿,2019-09-23,29
113507.XSHG,天马转债,规模小于一亿,2019-09-23,62
127009.XSHE,冰轮转债,已公告强赎,2019-09-23,85
128047.XSHE,光电转债,已公告强赎,2019-09-23,109
113503.XSHG,泰晶转债,规模小于一亿,2019-09-23,112
128027.XSHE,崇达转债,已公告强赎,2019-09-23,135
123001.XSHE,蓝标转债,规模小于一亿,2019-09-23,149
128041.XSHE,盛路转债,规模小于一亿,2019-09-23,156
110044.XSHG,广电转债,规模小于一亿,2019-09-23,158
128052.XSHE,凯龙转债,规模小于一亿,2019-09-23,172
127008.XSHE,特发转债,规模小于一亿,2019-09-23,174
128027.XSHE,崇达转债,已公告强赎,2019-09-30,50
113507.XSHG,天马转债,规模小于一亿,2019-09-30,56
127009.XSHE,冰轮转债,已公告强赎,2019-09-30,58
113503.XSHG,泰晶转债,规模小于一亿,2019-09-30,79
123013.XSHE,横河转债,规模小于一亿,2019-09-30,92
128047.XSHE,光电转债,已公告强赎,2019-09-30,104
128041.XSHE,盛路转债,规模小于一亿,2019-09-30,123
123001.XSHE,蓝标转债,规模小于一亿,2019-09-30,134
110044.XSHG,广电转债,规模小于一亿,2019-09-30,140
128052.XSHE,凯龙转债,规模小于一亿,2019-09-30,168
127008.XSHE,特发转债,规模小于一亿,2019-09-30,173
128027.XSHE,崇达转债,已公告强赎,2019-10-08,37
127009.XSHE,冰轮转债,已公告强赎,2019-10-08,50
113507.XSHG,天马转债,规模小于一亿,2019-10-08,64
128047.XSHE,光电转债,已公告强赎,2019-10-08,69
123013.XSHE,横河转债,规模小于一亿,2019-10-08,76
113503.XSHG,泰晶转债,规模小于一亿,2019-10-08,91
123001.XSHE,蓝标转债,规模小于一亿,2019-10-08,112
128041.XSHE,盛路转债,规模小于一亿,2019-10-08,126
110044.XSHG,广电转债,规模小于一亿,2019-10-08,142
128052.XSHE,凯龙转债,规模小于一亿,2019-10-08,169
127008.XSHE,特发转债,规模小于一亿,2019-10-08,173
128027.XSHE,崇达转债,规模小于一亿,2019-10-14,25
113507.XSHG,天马转债,规模小于一亿,2019-10-14,45
123013.XSHE,横河转债,规模小于一亿,2019-10-14,55
128047.XSHE,光电转债,已公告强赎,2019-10-14,84
123001.XSHE,蓝标转债,规模小于一亿,2019-10-14,86
127009.XSHE,冰轮转债,已公告强赎,2019-10-14,90
113503.XSHG,泰晶转债,规模小于一亿,2019-10-14,125
128041.XSHE,盛路转债,规模小于一亿,2019-10-14,132
110044.XSHG,广电转债,规模小于一亿,2019-10-14,151
128052.XSHE,凯龙转债,规模小于一亿,2019-10-14,169
127008.XSHE,特发转债,规模小于一亿,2019-10-14,173
113507.XSHG,天马转债,规模小于一亿,2019-10-21,17
123013.XSHE,横河转债,规模小于一亿,2019-10-21,53
128027.XSHE,崇达转债,规模小于一亿,2019-10-21,64
128041.XSHE,盛路转债,规模小于一亿,2019-10-21,70
128047.XSHE,光电转债,规模小于一亿,2019-10-21,86
127009.XSHE,冰轮转债,已公告强赎,2019-10-21,90
113503.XSHG,泰晶转债,规模小于一亿,2019-10-21,97
123001.XSHE,蓝标转债,已公告强赎,2019-10-21,117
110044.XSHG,广电转债,规模小于一亿,2019-10-21,131
128052.XSHE,凯龙转债,规模小于一亿,2019-10-21,166
127008.XSHE,特发转债,规模小于一亿,2019-10-21,175
128027.XSHE,崇达转债,已公告强赎,2019-10-28,38
123013.XSHE,横河转债,规模小于一亿,2019-10-28,41
128047.XSHE,光电转债,规模小于一亿,2019-10-28,89
113503.XSHG,泰晶转债,规模小于一亿,2019-10-28,97
113507.XSHG,天马转债,规模小于一亿,2019-10-28,113
128041.XSHE,盛路转债,规模小于一亿,2019-10-28,117
110044.XSHG,广电转债,规模小于一亿,2019-10-28,124
128052.XSHE,凯龙转债,规模小于一亿,2019-10-28,164
128037.XSHE,岩土转债,停牌,2019-10-28,168
127008.XSHE,特发转债,规模小于一亿,2019-10-28,173
113507.XSHG,天马转债,规模小于一亿,2019-11-04,43
113515.XSHG,高能转债,停牌,2019-11-04,49
113503.XSHG,泰晶转债,规模小于一亿,2019-11-04,67
128047.XSHE,光电转债,已公告强赎,2019-11-04,85
123013.XSHE,横河转债,规模小于一亿,2019-11-04,106
110044.XSHG,广电转债,规模小于一亿,2019-11-04,109
128041.XSHE,盛路转债,规模小于一亿,2019-11-04,123
128052.XSHE,凯龙转债,规模小于一亿,2019-11-04,160
128037.XSHE,岩土转债,停牌,2019-11-04,166
127008.XSHE,特发转债,规模小于一亿,2019-11-04,173
113507.XSHG,天马转债,规模小于一亿,2019-11-11,11
110044.XSHG,广电转债,规模小于一亿,2019-11-11,92
113503.XSHG,泰晶转债,规模小于一亿,2019-11-11,109
128041.XSHE,盛路转债,规模小于一亿,2019-11-11,124
123013.XSHE,横河转债,规模小于一亿,2019-11-11,127
113529.XSHG,绝味转债,已公告强赎,2019-11-11,155
128052.XSHE,凯龙转债,规模小于一亿,2019-11-11,157
127008.XSHE,特发转债,规模小于一亿,2019-11-11,175
113507.XSHG,天马转债,已公告强赎,2019-11-18,34
110044.XSHG,广电转债,规模小于一亿,2019-11-18,57
113503.XSHG,泰晶转债,规模小于一亿,2019-11-18,109
123013.XSHE,横河转债,规模小于一亿,2019-11-18,112
128041.XSHE,盛路转债,规模小于一亿,2019-11-18,135
113529.XSHG,绝味转债,已公告强赎,2019-11-18,158
128052.XSHE,凯龙转债,规模小于一亿,2019-11-18,160
127008.XSHE,特发转债,规模小于一亿,2019-11-18,175
110044.XSHG,广电转债,规模小于一亿,2019-11-25,97
123013.XSHE,横河转债,规模小于一亿,2019-11-25,117
113503.XSHG,泰晶转债,规模小于一亿,2019-11-25,133
128041.XSHE,盛路转债,规模小于一亿,2019-11-25,141
128060.XSHE,中装转债,规模小于一亿,2019-11-25,149
128052.XSHE,凯龙转债,规模小于一亿,2019-11-25,160
127008.XSHE,特发转债,规模小于一亿,2019-11-25,178
110049.XSHG,海尔转债,已公告强赎,2019-12-02,23
110044.XSHG,广电转债,规模小于一亿,2019-12-02,104
123013.XSHE,横河转债,规模小于一亿,2019-12-02,108
128060.XSHE,中装转债,规模小于一亿,2019-12-02,131
113503.XSHG,泰晶转债,规模小于一亿,2019-12-02,141
128041.XSHE,盛路转债,规模小于一亿,2019-12-02,148
128052.XSHE,凯龙转债,规模小于一亿,2019-12-02,163
127008.XSHE,特发转债,规模小于一亿,2019-12-02,179
110049.XSHG,海尔转债,已公告强赎,2019-12-09,25
123013.XSHE,横河转债,规模小于一亿,2019-12-09,87
110044.XSHG,广电转债,规模小于一亿,2019-12-09,106
113503.XSHG,泰晶转债,规模小于一亿,2019-12-09,123
128060.XSHE,中装转债,规模小于一亿,2019-12-09,155
128041.XSHE,盛路转债,规模小于一亿,2019-12-09,156
128052.XSHE,凯龙转债,规模小于一亿,2019-12-09,179
127008.XSHE,特发转债,规模小于一亿,2019-12-09,182
110030.XSHG,格力转债,停牌,2019-12-16,2
113514.XSHG,威帝转债,规模小于一亿,2019-12-16,12
110049.XSHG,海尔转债,已公告强赎,2019-12-16,82
123013.XSHE,横河转债,规模小于一亿,2019-12-16,87
113503.XSHG,泰晶转债,规模小于一亿,2019-12-16,105
110044.XSHG,广电转债,规模小于一亿,2019-12-16,135
128041.XSHE,盛路转债,规模小于一亿,2019-12-16,145
128060.XSHE,中装转债,规模小于一亿,2019-12-16,158
128052.XSHE,凯龙转债,规模小于一亿,2019-12-16,183
127008.XSHE,特发转债,规模小于一亿,2019-12-16,188
113514.XSHG,威帝转债,规模小于一亿,2019-12-23,10
110030.XSHG,格力转债,停牌,2019-12-23,16
113503.XSHG,泰晶转债,规模小于一亿,2019-12-23,25
123013.XSHE,横河转债,规模小于一亿,2019-12-23,95
128041.XSHE,盛路转债,规模小于一亿,2019-12-23,147
110044.XSHG,广电转债,规模小于一亿,2019-12-23,159
128060.XSHE,中装转债,规模小于一亿,2019-12-23,160
128052.XSHE,凯龙转债,规模小于一亿,2019-12-23,182
127008.XSHE,特发转债,规模小于一亿,2019-12-23,188
113514.XSHG,威帝转债,规模小于一亿,2019-12-30,11
123003.XSHE,蓝思转债,已公告强赎,2019-12-30,72
123013.XSHE,横河转债,规模小于一亿,2019-12-30,75
128041.XSHE,盛路转债,规模小于一亿,2019-12-30,117
113503.XSHG,泰晶转债,规模小于一亿,2019-12-30,128
110044.XSHG,广电转债,规模小于一亿,2019-12-30,152
128060.XSHE,中装转债,规模小于一亿,2019-12-30,170
128052.XSHE,凯龙转债,规模小于一亿,2019-12-30,183
127008.XSHE,特发转债,规模小于一亿,2019-12-30,189
113514.XSHG,威帝转债,规模小于一亿,2020-01-06,12
123013.XSHE,横河转债,规模小于一亿,2020-01-06,75
128020.XSHE,水晶转债,已公告强赎,2020-01-06,99
128041.XSHE,盛路转债,规模小于一亿,2020-01-06,105
113503.XSHG,泰晶转债,规模小于一亿,2020-01-06,128
110044.XSHG,广电转债,规模小于一亿,2020-01-06,150
123003.XSHE,蓝思转债,已公告强赎,2020-01-06,166
128060.XSHE,中装转债,规模小于一亿,2020-01-06,181
128052.XSHE,凯龙转债,规模小于一亿,2020-01-06,189
127008.XSHE,特发转债,规模小于一亿,2020-01-06,193
113514.XSHG,威帝转债,规模小于一亿,2020-01-13,17
123013.XSHE,横河转债,规模小于一亿,2020-01-13,69
128020.XSHE,水晶转债,已公告强赎,2020-01-13,124
128041.XSHE,盛路转债,规模小于一亿,2020-01-13,140
113533.XSHG,参林转债,已公告强赎,2020-01-13,145
113503.XSHG,泰晶转债,规模小于一亿,2020-01-13,159
110044.XSHG,广电转债,规模小于一亿,2020-01-13,175
128068.XSHE,和而转债,已公告强赎,2020-01-13,178
123003.XSHE,蓝思转债,已公告强赎,2020-01-13,186
128060.XSHE,中装转债,规模小于一亿,2020-01-13,199
128052.XSHE,凯龙转债,规模小于一亿,2020-01-13,201
127008.XSHE,特发转债,规模小于一亿,2020-01-13,203
113514.XSHG,威帝转债,规模小于一亿,2020-01-20,20
123013.XSHE,横河转债,规模小于一亿,2020-01-20,87
128041.XSHE,盛路转债,规模小于一亿,2020-01-20,110
128020.XSHE,水晶转债,已公告强赎,2020-01-20,149
110044.XSHG,广电转债,规模小于一亿,2020-01-20,165
128068.XSHE,和而转债,已公告强赎,2020-01-20,175
113503.XSHG,泰晶转债,规模小于一亿,2020-01-20,185
128052.XSHE,凯龙转债,规模小于一亿,2020-01-20,203
128060.XSHE,中装转债,规模小于一亿,2020-01-20,206
123003.XSHE,蓝思转债,已公告强赎,2020-01-20,208
127008.XSHE,特发转债,规模小于一亿,2020-01-20,209
128068.XSHE,和而转债,已公告强赎,2020-02-03,3
128041.XSHE,盛路转债,规模小于一亿,2020-02-03,37
113514.XSHG,威帝转债,规模小于一亿,2020-02-03,38
110044.XSHG,广电转债,规模小于一亿,2020-02-03,39
113503.XSHG,泰晶转债,规模小于一亿,2020-02-03,45
113523.XSHG,伟明转债,规模小于一亿,2020-02-03,52
128052.XSHE,凯龙转债,规模小于一亿,2020-02-03,69
128060.XSHE,中装转债,规模小于一亿,2020-02-03,93
123013.XSHE,横河转债,规模小于一亿,2020-02-03,135
128020.XSHE,水晶转债,已公告强赎,2020-02-03,143
127008.XSHE,特发转债,规模小于一亿,2020-02-03,153
123003.XSHE,蓝思转债,已公告强赎,2020-02-03,184
113522.XSHG,旭升转债,规模小于一亿,2020-02-03,198
128068.XSHE,和而转债,规模小于一亿,2020-02-10,0
113514.XSHG,威帝转债,规模小于一亿,2020-02-10,20
123016.XSHE,洲明转债,已公告强赎,2020-02-10,60
110044.XSHG,广电转债,规模小于一亿,2020-02-10,106
128041.XSHE,盛路转债,规模小于一亿,2020-02-10,111
128020.XSHE,水晶转债,已公告强赎,2020-02-10,114
123013.XSHE,横河转债,规模小于一亿,2020-02-10,128
128061.XSHE,启明转债,已公告强赎,2020-02-10,134
128060.XSHE,中装转债,规模小于一亿,2020-02-10,187
128052.XSHE,凯龙转债,规模小于一亿,2020-02-10,188
113503.XSHG,泰晶转债,规模小于一亿,2020-02-10,197
127008.XSHE,特发转债,规模小于一亿,2020-02-10,205
123003.XSHE,蓝思转债,已公告强赎,2020-02-10,211
128038.XSHE,利欧转债,规模小于一亿,2020-02-10,213
113522.XSHG,旭升转债,规模小于一亿,2020-02-10,221
128068.XSHE,和而转债,规模小于一亿,2020-02-17,0
113514.XSHG,威帝转债,规模小于一亿,2020-02-17,25
128020.XSHE,水晶转债,已公告强赎,2020-02-17,34
113510.XSHG,再升转债,规模小于一亿,2020-02-17,39
128041.XSHE,盛路转债,规模小于一亿,2020-02-17,73
123013.XSHE,横河转债,规模小于一亿,2020-02-17,108
110044.XSHG,广电转债,规模小于一亿,2020-02-17,124
123016.XSHE,洲明转债,已公告强赎,2020-02-17,125
128061.XSHE,启明转债,已公告强赎,2020-02-17,173
128060.XSHE,中装转债,规模小于一亿,2020-02-17,190
128052.XSHE,凯龙转债,规模小于一亿,2020-02-17,206
123003.XSHE,蓝思转债,已公告强赎,2020-02-17,208
113503.XSHG,泰晶转债,规模小于一亿,2020-02-17,210
113522.XSHG,旭升转债,规模小于一亿,2020-02-17,211
113538.XSHG,安图转债,规模小于一亿,2020-02-17,213
128038.XSHE,利欧转债,规模小于一亿,2020-02-17,217
127008.XSHE,特发转债,规模小于一亿,2020-02-17,218
128043.XSHE,东音转债,规模小于一亿,2020-02-17,224
128068.XSHE,和而转债,已公告强赎,2020-02-24,0
113514.XSHG,威帝转债,规模小于一亿,2020-02-24,19
128041.XSHE,盛路转债,规模小于一亿,2020-02-24,66
123013.XSHE,横河转债,规模小于一亿,2020-02-24,107
113510.XSHG,再升转债,规模小于一亿,2020-02-24,111
110044.XSHG,广电转债,规模小于一亿,2020-02-24,150
128061.XSHE,启明转债,已公告强赎,2020-02-24,163
128060.XSHE,中装转债,规模小于一亿,2020-02-24,174
123016.XSHE,洲明转债,已公告强赎,2020-02-24,182
113522.XSHG,旭升转债,规模小于一亿,2020-02-24,198
128052.XSHE,凯龙转债,规模小于一亿,2020-02-24,206
113539.XSHG,圣达转债,规模小于一亿,2020-02-24,217
113503.XSHG,泰晶转债,规模小于一亿,2020-02-24,218
127008.XSHE,特发转债,规模小于一亿,2020-02-24,220
128043.XSHE,东音转债,规模小于一亿,2020-02-24,221
128038.XSHE,利欧转债,规模小于一亿,2020-02-24,226
123009.XSHE,星源转债,已公告强赎,2020-03-02,2
110046.XSHG,圆通转债,已公告强赎,2020-03-02,13
113514.XSHG,威帝转债,规模小于一亿,2020-03-02,28
128041.XSHE,盛路转债,规模小于一亿,2020-03-02,77
123016.XSHE,洲明转债,已公告强赎,2020-03-02,82
110044.XSHG,广电转债,规模小于一亿,2020-03-02,113
128061.XSHE,启明转债,已公告强赎,2020-03-02,138
113510.XSHG,再升转债,规模小于一亿,2020-03-02,148
123013.XSHE,横河转债,规模小于一亿,2020-03-02,149
128060.XSHE,中装转债,规模小于一亿,2020-03-02,196
113503.XSHG,泰晶转债,规模小于一亿,2020-03-02,197
113539.XSHG,圣达转债,规模小于一亿,2020-03-02,202
128052.XSHE,凯龙转债,规模小于一亿,2020-03-02,203
127008.XSHE,特发转债,规模小于一亿,2020-03-02,215
128043.XSHE,东音转债,规模小于一亿,2020-03-02,222
128038.XSHE,利欧转债,规模小于一亿,2020-03-02,223
123019.XSHE,中来转债,已公告强赎,2020-03-09,0
110054.XSHG,通威转债,已公告强赎,2020-03-09,2
110046.XSHG,圆通转债,已公告强赎,2020-03-09,7
113514.XSHG,威帝转债,规模小于一亿,2020-03-09,12
123016.XSHE,洲明转债,规模小于一亿,2020-03-09,28
123013.XSHE,横河转债,规模小于一亿,2020-03-09,81
128016.XSHE,雨虹转债,已公告强赎,2020-03-09,91
128041.XSHE,盛路转债,规模小于一亿,2020-03-09,103
110044.XSHG,广电转债,规模小于一亿,2020-03-09,115
123021.XSHE,万信转2,已公告强赎,2020-03-09,162
128061.XSHE,启明转债,已公告强赎,2020-03-09,171
113539.XSHG,圣达转债,规模小于一亿,2020-03-09,182
113503.XSHG,泰晶转债,规模小于一亿,2020-03-09,185
123009.XSHE,星源转债,已公告强赎,2020-03-09,186
128060.XSHE,中装转债,规模小于一亿,2020-03-09,193
128052.XSHE,凯龙转债,规模小于一亿,2020-03-09,204
127008.XSHE,特发转债,规模小于一亿,2020-03-09,212
123031.XSHE,晶瑞转债,规模小于一亿,2020-03-09,214
128043.XSHE,东音转债,规模小于一亿,2020-03-09,220
128038.XSHE,利欧转债,规模小于一亿,2020-03-09,222
113510.XSHG,再升转债,规模小于一亿,2020-03-09,226
123019.XSHE,中来转债,已公告强赎,2020-03-16,0
123009.XSHE,星源转债,已公告强赎,2020-03-16,1
110054.XSHG,通威转债,已公告强赎,2020-03-16,2
110046.XSHG,圆通转债,已公告强赎,2020-03-16,3
128055.XSHE,长青转2,已公告强赎,2020-03-16,4
113540.XSHG,南威转债,已公告强赎,2020-03-16,6
113517.XSHG,曙光转债,已公告强赎,2020-03-16,10
123016.XSHE,洲明转债,已公告强赎,2020-03-16,28
128016.XSHE,雨虹转债,已公告强赎,2020-03-16,37
110044.XSHG,广电转债,规模小于一亿,2020-03-16,59
113514.XSHG,威帝转债,规模小于一亿,2020-03-16,61
123013.XSHE,横河转债,规模小于一亿,2020-03-16,175
128061.XSHE,启明转债,规模小于一亿,2020-03-16,187
113503.XSHG,泰晶转债,规模小于一亿,2020-03-16,189
123021.XSHE,万信转2,已公告强赎,2020-03-16,193
128052.XSHE,凯龙转债,规模小于一亿,2020-03-16,196
128041.XSHE,盛路转债,规模小于一亿,2020-03-16,203
128060.XSHE,中装转债,规模小于一亿,2020-03-16,206
113510.XSHG,再升转债,规模小于一亿,2020-03-16,212
123031.XSHE,晶瑞转债,规模小于一亿,2020-03-16,215
128043.XSHE,东音转债,规模小于一亿,2020-03-16,216
127008.XSHE,特发转债,规模小于一亿,2020-03-16,218
128038.XSHE,利欧转债,规模小于一亿,2020-03-16,223
123019.XSHE,中来转债,已公告强赎,2020-03-23,0
123009.XSHE,星源转债,已公告强赎,2020-03-23,1
128055.XSHE,长青转2,已公告强赎,2020-03-23,2
113540.XSHG,南威转债,规模小于一亿,2020-03-23,3
113510.XSHG,再升转债,已公告强赎,2020-03-23,4
113517.XSHG,曙光转债,已公告强赎,2020-03-23,5
128016.XSHE,雨虹转债,已公告强赎,2020-03-23,96
113514.XSHG,威帝转债,规模小于一亿,2020-03-23,108
128061.XSHE,启明转债,已公告强赎,2020-03-23,121
110044.XSHG,广电转债,规模小于一亿,2020-03-23,125
123021.XSHE,万信转2,已公告强赎,2020-03-23,134
128041.XSHE,盛路转债,规模小于一亿,2020-03-23,181
128060.XSHE,中装转债,已公告强赎,2020-03-23,182
128052.XSHE,凯龙转债,规模小于一亿,2020-03-23,204
128043.XSHE,东音转债,规模小于一亿,2020-03-23,207
113503.XSHG,泰晶转债,规模小于一亿,2020-03-23,211
127008.XSHE,特发转债,规模小于一亿,2020-03-23,213
123013.XSHE,横河转债,规模小于一亿,2020-03-23,214
128038.XSHE,利欧转债,规模小于一亿,2020-03-23,221
123031.XSHE,晶瑞转债,规模小于一亿,2020-03-23,225
123019.XSHE,中来转债,已公告强赎,2020-03-30,0
110050.XSHG,佳都转债,已公告强赎,2020-03-30,1
128055.XSHE,长青转2,已公告强赎,2020-03-30,2
113517.XSHG,曙光转债,已公告强赎,2020-03-30,3
123021.XSHE,万信转2,已公告强赎,2020-03-30,78
128016.XSHE,雨虹转债,已公告强赎,2020-03-30,90
113514.XSHG,威帝转债,规模小于一亿,2020-03-30,159
110044.XSHG,广电转债,规模小于一亿,2020-03-30,190
128038.XSHE,利欧转债,已公告强赎,2020-03-30,208
128043.XSHE,东音转债,规模小于一亿,2020-03-30,209
128041.XSHE,盛路转债,规模小于一亿,2020-03-30,210
127008.XSHE,特发转债,规模小于一亿,2020-03-30,215
128052.XSHE,凯龙转债,规模小于一亿,2020-03-30,218
123013.XSHE,横河转债,规模小于一亿,2020-03-30,219
123031.XSHE,晶瑞转债,规模小于一亿,2020-03-30,221
113503.XSHG,泰晶转债,规模小于一亿,2020-03-30,222
128038.XSHE,利欧转债,已公告强赎,2020-04-07,0
128055.XSHE,长青转2,已公告强赎,2020-04-07,1
110050.XSHG,佳都转债,已公告强赎,2020-04-07,2
128016.XSHE,雨虹转债,已公告强赎,2020-04-07,52
113514.XSHG,威帝转债,规模小于一亿,2020-04-07,136
123021.XSHE,万信转2,已公告强赎,2020-04-07,180
110044.XSHG,广电转债,规模小于一亿,2020-04-07,199
128041.XSHE,盛路转债,规模小于一亿,2020-04-07,211
128043.XSHE,东音转债,规模小于一亿,2020-04-07,212
127008.XSHE,特发转债,规模小于一亿,2020-04-07,218
123013.XSHE,横河转债,规模小于一亿,2020-04-07,219
128052.XSHE,凯龙转债,规模小于一亿,2020-04-07,223
123031.XSHE,晶瑞转债,规模小于一亿,2020-04-07,225
113503.XSHG,泰晶转债,规模小于一亿,2020-04-07,227
128055.XSHE,长青转2,规模小于一亿,2020-04-13,0
113514.XSHG,威帝转债,规模小于一亿,2020-04-13,24
123004.XSHE,铁汉转债,停牌,2020-04-13,50
110044.XSHG,广电转债,规模小于一亿,2020-04-13,141
128016.XSHE,雨虹转债,已公告强赎,2020-04-13,146
128041.XSHE,盛路转债,规模小于一亿,2020-04-13,147
123021.XSHE,万信转2,已公告强赎,2020-04-13,171
123013.XSHE,横河转债,规模小于一亿,2020-04-13,208
123031.XSHE,晶瑞转债,规模小于一亿,2020-04-13,222
127008.XSHE,特发转债,规模小于一亿,2020-04-13,223
128043.XSHE,东音转债,规模小于一亿,2020-04-13,227
128052.XSHE,凯龙转债,规模小于一亿,2020-04-13,231
113503.XSHG,泰晶转债,规模小于一亿,2020-04-13,234
128055.XSHE,长青转2,已公告强赎,2020-04-20,0
123021.XSHE,万信转2,已公告强赎,2020-04-20,1
128016.XSHE,雨虹转债,已公告强赎,2020-04-20,2
113511.XSHG,千禾转债,已公告强赎,2020-04-20,151
113514.XSHG,威帝转债,规模小于一亿,2020-04-20,200
110044.XSHG,广电转债,规模小于一亿,2020-04-20,211
128043.XSHE,东音转债,规模小于一亿,2020-04-20,227
127008.XSHE,特发转债,规模小于一亿,2020-04-20,228
123031.XSHE,晶瑞转债,规模小于一亿,2020-04-20,233
128041.XSHE,盛路转债,规模小于一亿,2020-04-20,235
128052.XSHE,凯龙转债,规模小于一亿,2020-04-20,236
113503.XSHG,泰晶转债,规模小于一亿,2020-04-20,237
123013.XSHE,横河转债,规模小于一亿,2020-04-20,238
123044.XSHE,红相转债,停牌,2020-04-27,27
113511.XSHG,千禾转债,规模小于一亿,2020-04-27,202
113514.XSHG,威帝转债,规模小于一亿,2020-04-27,211
128043.XSHE,东音转债,规模小于一亿,2020-04-27,227
110044.XSHG,广电转债,规模小于一亿,2020-04-27,229
123031.XSHE,晶瑞转债,规模小于一亿,2020-04-27,232
128041.XSHE,盛路转债,规模小于一亿,2020-04-27,234
113503.XSHG,泰晶转债,规模小于一亿,2020-04-27,235
128052.XSHE,凯龙转债,规模小于一亿,2020-04-27,236
127008.XSHE,特发转债,规模小于一亿,2020-04-27,237
123013.XSHE,横河转债,规模小于一亿,2020-04-27,238
113531.XSHG,百姓转债,已公告强赎,2020-05-06,6
113511.XSHG,千禾转债,规模小于一亿,2020-05-06,205
113514.XSHG,威帝转债,规模小于一亿,2020-05-06,213
110044.XSHG,广电转债,规模小于一亿,2020-05-06,225
128043.XSHE,东音转债,规模小于一亿,2020-05-06,230
128012.XSHE,辉丰转债,停牌,2020-05-06,234
128041.XSHE,盛路转债,规模小于一亿,2020-05-06,236
123031.XSHE,晶瑞转债,规模小于一亿,2020-05-06,237
127008.XSHE,特发转债,规模小于一亿,2020-05-06,238
113503.XSHG,泰晶转债,规模小于一亿,2020-05-06,239
128052.XSHE,凯龙转债,规模小于一亿,2020-05-06,240
123013.XSHE,横河转债,规模小于一亿,2020-05-06,241
113531.XSHG,百姓转债,已公告强赎,2020-05-11,8
113511.XSHG,千禾转债,规模小于一亿,2020-05-11,215
113514.XSHG,威帝转债,规模小于一亿,2020-05-11,217
113503.XSHG,泰晶转债,规模小于一亿,2020-05-11,228
110044.XSHG,广电转债,规模小于一亿,2020-05-11,232
128043.XSHE,东音转债,规模小于一亿,2020-05-11,233
123031.XSHE,晶瑞转债,规模小于一亿,2020-05-11,239
128041.XSHE,盛路转债,规模小于一亿,2020-05-11,241
128012.XSHE,辉丰转债,停牌,2020-05-11,242
127008.XSHE,特发转债,规模小于一亿,2020-05-11,243
128052.XSHE,凯龙转债,规模小于一亿,2020-05-11,244
123013.XSHE,横河转债,规模小于一亿,2020-05-11,245
113531.XSHG,百姓转债,规模小于一亿,2020-05-18,59
113503.XSHG,泰晶转债,规模小于一亿,2020-05-18,183
113514.XSHG,威帝转债,规模小于一亿,2020-05-18,210
113511.XSHG,千禾转债,规模小于一亿,2020-05-18,230
128043.XSHE,东音转债,规模小于一亿,2020-05-18,236
110044.XSHG,广电转债,规模小于一亿,2020-05-18,240
128041.XSHE,盛路转债,规模小于一亿,2020-05-18,244
123031.XSHE,晶瑞转债,规模小于一亿,2020-05-18,245
128012.XSHE,辉丰转债,停牌,2020-05-18,247
127008.XSHE,特发转债,规模小于一亿,2020-05-18,249
128052.XSHE,凯龙转债,规模小于一亿,2020-05-18,250
123013.XSHE,横河转债,规模小于一亿,2020-05-18,251
113503.XSHG,泰晶转债,规模小于一亿,2020-05-25,42
113520.XSHG,百合转债,规模小于一亿,2020-05-25,219
113514.XSHG,威帝转债,规模小于一亿,2020-05-25,224
128086.XSHE,国轩转债,停牌,2020-05-25,229
113511.XSHG,千禾转债,规模小于一亿,2020-05-25,238
128043.XSHE,东音转债,规模小于一亿,2020-05-25,239
110044.XSHG,广电转债,规模小于一亿,2020-05-25,248
123031.XSHE,晶瑞转债,规模小于一亿,2020-05-25,249
128041.XSHE,盛路转债,规模小于一亿,2020-05-25,250
128012.XSHE,辉丰转债,停牌,2020-05-25,252
127008.XSHE,特发转债,规模小于一亿,2020-05-25,253
128052.XSHE,凯龙转债,规模小于一亿,2020-05-25,255
123013.XSHE,横河转债,规模小于一亿,2020-05-25,256
113515.XSHG,高能转债,已公告强赎,2020-06-01,10
113514.XSHG,威帝转债,规模小于一亿,2020-06-01,212
113520.XSHG,百合转债,规模小于一亿,2020-06-01,226
123020.XSHE,富祥转债,规模小于一亿,2020-06-01,231
128043.XSHE,东音转债,规模小于一亿,2020-06-01,237
123031.XSHE,晶瑞转债,规模小于一亿,2020-06-01,245
128012.XSHE,辉丰转债,停牌,2020-06-01,246
128041.XSHE,盛路转债,规模小于一亿,2020-06-01,248
110044.XSHG,广电转债,规模小于一亿,2020-06-01,249
127008.XSHE,特发转债,规模小于一亿,2020-06-01,251
128052.XSHE,凯龙转债,规模小于一亿,2020-06-01,252
123013.XSHE,横河转债,规模小于一亿,2020-06-01,254
113515.XSHG,高能转债,已公告强赎,2020-06-08,0
128054.XSHE,中宠转债,已公告强赎,2020-06-08,209
113514.XSHG,威帝转债,规模小于一亿,2020-06-08,210
113520.XSHG,百合转债,规模小于一亿,2020-06-08,227
123020.XSHE,富祥转债,规模小于一亿,2020-06-08,235
128043.XSHE,东音转债,规模小于一亿,2020-06-08,238
128012.XSHE,辉丰转债,停牌,2020-06-08,246
110044.XSHG,广电转债,规模小于一亿,2020-06-08,247
123031.XSHE,晶瑞转债,规模小于一亿,2020-06-08,248
128041.XSHE,盛路转债,规模小于一亿,2020-06-08,249
128052.XSHE,凯龙转债,规模小于一亿,2020-06-08,251
127008.XSHE,特发转债,规模小于一亿,2020-06-08,252
123013.XSHE,横河转债,规模小于一亿,2020-06-08,254
113515.XSHG,高能转债,已公告强赎,2020-06-15,0
113514.XSHG,威帝转债,规模小于一亿,2020-06-15,202
113520.XSHG,百合转债,规模小于一亿,2020-06-15,222
128054.XSHE,中宠转债,规模小于一亿,2020-06-15,224
128043.XSHE,东音转债,规模小于一亿,2020-06-15,236
123020.XSHE,富祥转债,规模小于一亿,2020-06-15,237
128012.XSHE,辉丰转债,停牌,2020-06-15,245
123031.XSHE,晶瑞转债,规模小于一亿,2020-06-15,246
110044.XSHG,广电转债,规模小于一亿,2020-06-15,247
128041.XSHE,盛路转债,规模小于一亿,2020-06-15,248
128052.XSHE,凯龙转债,规模小于一亿,2020-06-15,251
127008.XSHE,特发转债,规模小于一亿,2020-06-15,252
123013.XSHE,横河转债,规模小于一亿,2020-06-15,253
128077.XSHE,华夏转债,已公告强赎,2020-06-22,170
113514.XSHG,威帝转债,规模小于一亿,2020-06-22,197
113520.XSHG,百合转债,规模小于一亿,2020-06-22,224
128054.XSHE,中宠转债,规模小于一亿,2020-06-22,231
123020.XSHE,富祥转债,规模小于一亿,2020-06-22,237
128043.XSHE,东音转债,规模小于一亿,2020-06-22,238
128012.XSHE,辉丰转债,停牌,2020-06-22,246
110044.XSHG,广电转债,规模小于一亿,2020-06-22,248
123031.XSHE,晶瑞转债,规模小于一亿,2020-06-22,249
128041.XSHE,盛路转债,规模小于一亿,2020-06-22,250
128052.XSHE,凯龙转债,规模小于一亿,2020-06-22,253
127008.XSHE,特发转债,规模小于一亿,2020-06-22,254
123013.XSHE,横河转债,规模小于一亿,2020-06-22,255
128077.XSHE,华夏转债,已公告强赎,2020-06-29,159
113514.XSHG,威帝转债,规模小于一亿,2020-06-29,175
128012.XSHE,辉丰转债,停牌,2020-06-29,194
113520.XSHG,百合转债,规模小于一亿,2020-06-29,222
128054.XSHE,中宠转债,规模小于一亿,2020-06-29,233
128043.XSHE,东音转债,规模小于一亿,2020-06-29,242
123020.XSHE,富祥转债,规模小于一亿,2020-06-29,243
110044.XSHG,广电转债,规模小于一亿,2020-06-29,248
123031.XSHE,晶瑞转债,规模小于一亿,2020-06-29,251
128041.XSHE,盛路转债,规模小于一亿,2020-06-29,252
128052.XSHE,凯龙转债,规模小于一亿,2020-06-29,256
127008.XSHE,特发转债,规模小于一亿,2020-06-29,257
123013.XSHE,横河转债,规模小于一亿,2020-06-29,258
113514.XSHG,威帝转债,规模小于一亿,2020-07-06,140
128077.XSHE,华夏转债,规模小于一亿,2020-07-06,195
128012.XSHE,辉丰转债,停牌,2020-07-06,199
113520.XSHG,百合转债,规模小于一亿,2020-07-06,230
113551.XSHG,福特转债,已公告强赎,2020-07-06,231
123018.XSHE,溢利转债,规模小于一亿,2020-07-06,239
128054.XSHE,中宠转债,规模小于一亿,2020-07-06,242
123020.XSHE,富祥转债,规模小于一亿,2020-07-06,248
128043.XSHE,东音转债,规模小于一亿,2020-07-06,249
110044.XSHG,广电转债,规模小于一亿,2020-07-06,253
128041.XSHE,盛路转债,规模小于一亿,2020-07-06,254
123031.XSHE,晶瑞转债,规模小于一亿,2020-07-06,258
128052.XSHE,凯龙转债,规模小于一亿,2020-07-06,260
127008.XSHE,特发转债,规模小于一亿,2020-07-06,261
123013.XSHE,横河转债,规模小于一亿,2020-07-06,262
123043.XSHE,正元转债,停牌,2020-07-13,25
128012.XSHE,辉丰转债,停牌,2020-07-13,171
113514.XSHG,威帝转债,规模小于一亿,2020-07-13,174
128080.XSHE,顺丰转债,已公告强赎,2020-07-13,217
128077.XSHE,华夏转债,规模小于一亿,2020-07-13,225
128054.XSHE,中宠转债,规模小于一亿,2020-07-13,229
113520.XSHG,百合转债,规模小于一亿,2020-07-13,237
113551.XSHG,福特转债,规模小于一亿,2020-07-13,246
123018.XSHE,溢利转债,规模小于一亿,2020-07-13,248
110044.XSHG,广电转债,规模小于一亿,2020-07-13,253
128041.XSHE,盛路转债,规模小于一亿,2020-07-13,254
123020.XSHE,富祥转债,规模小于一亿,2020-07-13,258
128043.XSHE,东音转债,规模小于一亿,2020-07-13,259
128030.XSHE,天康转债,规模小于一亿,2020-07-13,264
123031.XSHE,晶瑞转债,规模小于一亿,2020-07-13,266
128052.XSHE,凯龙转债,规模小于一亿,2020-07-13,267
127008.XSHE,特发转债,规模小于一亿,2020-07-13,268
123013.XSHE,横河转债,规模小于一亿,2020-07-13,269
128054.XSHE,中宠转债,已公告强赎,2020-07-20,0
123043.XSHE,正元转债,停牌,2020-07-20,33
123010.XSHE,博世转债,停牌,2020-07-20,92
113514.XSHG,威帝转债,规模小于一亿,2020-07-20,164
128012.XSHE,辉丰转债,停牌,2020-07-20,216
128080.XSHE,顺丰转债,已公告强赎,2020-07-20,231
113520.XSHG,百合转债,规模小于一亿,2020-07-20,241
128077.XSHE,华夏转债,规模小于一亿,2020-07-20,242
123018.XSHE,溢利转债,规模小于一亿,2020-07-20,251
123037.XSHE,新莱转债,规模小于一亿,2020-07-20,255
123020.XSHE,富祥转债,规模小于一亿,2020-07-20,257
110044.XSHG,广电转债,规模小于一亿,2020-07-20,260
113552.XSHG,克来转债,规模小于一亿,2020-07-20,262
128043.XSHE,东音转债,规模小于一亿,2020-07-20,264
128030.XSHE,天康转债,规模小于一亿,2020-07-20,266
128041.XSHE,盛路转债,规模小于一亿,2020-07-20,269
123031.XSHE,晶瑞转债,规模小于一亿,2020-07-20,271
128052.XSHE,凯龙转债,规模小于一亿,2020-07-20,272
123013.XSHE,横河转债,规模小于一亿,2020-07-20,273
127008.XSHE,特发转债,规模小于一亿,2020-07-20,274
128059.XSHE,视源转债,已公告强赎,2020-07-27,129
113514.XSHG,威帝转债,规模小于一亿,2020-07-27,144
128088.XSHE,深南转债,已公告强赎,2020-07-27,148
128080.XSHE,顺丰转债,已公告强赎,2020-07-27,244
123018.XSHE,溢利转债,规模小于一亿,2020-07-27,247
128077.XSHE,华夏转债,规模小于一亿,2020-07-27,249
113520.XSHG,百合转债,规模小于一亿,2020-07-27,250
128041.XSHE,盛路转债,规模小于一亿,2020-07-27,253
123037.XSHE,新莱转债,规模小于一亿,2020-07-27,259
110044.XSHG,广电转债,规模小于一亿,2020-07-27,262
123020.XSHE,富祥转债,规模小于一亿,2020-07-27,264
113552.XSHG,克来转债,规模小于一亿,2020-07-27,268
123031.XSHE,晶瑞转债,规模小于一亿,2020-07-27,271
128030.XSHE,天康转债,规模小于一亿,2020-07-27,272
128043.XSHE,东音转债,规模小于一亿,2020-07-27,273
128052.XSHE,凯龙转债,规模小于一亿,2020-07-27,276
123013.XSHE,横河转债,规模小于一亿,2020-07-27,277
127008.XSHE,特发转债,规模小于一亿,2020-07-27,278
128077.XSHE,华夏转债,已公告强赎,2020-08-03,0
123040.XSHE,乐普转债,已公告强赎,2020-08-03,121
113514.XSHG,威帝转债,规模小于一亿,2020-08-03,135
113558.XSHG,日月转债,已公告强赎,2020-08-03,141
128045.XSHE,机电转债,已公告强赎,2020-08-03,143
128059.XSHE,视源转债,已公告强赎,2020-08-03,150
128089.XSHE,麦米转债,已公告强赎,2020-08-03,187
128088.XSHE,深南转债,已公告强赎,2020-08-03,190
128041.XSHE,盛路转债,规模小于一亿,2020-08-03,241
128080.XSHE,顺丰转债,已公告强赎,2020-08-03,245
113520.XSHG,百合转债,规模小于一亿,2020-08-03,248
110044.XSHG,广电转债,规模小于一亿,2020-08-03,255
123018.XSHE,溢利转债,规模小于一亿,2020-08-03,261
123031.XSHE,晶瑞转债,规模小于一亿,2020-08-03,271
128052.XSHE,凯龙转债,规模小于一亿,2020-08-03,272
113552.XSHG,克来转债,规模小于一亿,2020-08-03,273
123020.XSHE,富祥转债,规模小于一亿,2020-08-03,274
128030.XSHE,天康转债,规模小于一亿,2020-08-03,275
123037.XSHE,新莱转债,规模小于一亿,2020-08-03,276
128043.XSHE,东音转债,规模小于一亿,2020-08-03,278
123013.XSHE,横河转债,规模小于一亿,2020-08-03,279
127008.XSHE,特发转债,规模小于一亿,2020-08-03,280
128080.XSHE,顺丰转债,已公告强赎,2020-08-10,0
123040.XSHE,乐普转债,已公告强赎,2020-08-10,79
128059.XSHE,视源转债,已公告强赎,2020-08-10,87
128089.XSHE,麦米转债,已公告强赎,2020-08-10,140
128088.XSHE,深南转债,已公告强赎,2020-08-10,169
128045.XSHE,机电转债,已公告强赎,2020-08-10,184
113558.XSHG,日月转债,已公告强赎,2020-08-10,209
113514.XSHG,威帝转债,规模小于一亿,2020-08-10,213
123018.XSHE,溢利转债,规模小于一亿,2020-08-10,259
113521.XSHG,科森转债,规模小于一亿,2020-08-10,261
113520.XSHG,百合转债,规模小于一亿,2020-08-10,263
123037.XSHE,新莱转债,规模小于一亿,2020-08-10,264
123041.XSHE,东财转2,已公告强赎,2020-08-10,267
128086.XSHE,国轩转债,已公告强赎,2020-08-10,269
128030.XSHE,天康转债,规模小于一亿,2020-08-10,274
123020.XSHE,富祥转债,规模小于一亿,2020-08-10,275
123031.XSHE,晶瑞转债,规模小于一亿,2020-08-10,279
128041.XSHE,盛路转债,规模小于一亿,2020-08-10,280
128043.XSHE,东音转债,规模小于一亿,2020-08-10,281
110044.XSHG,广电转债,规模小于一亿,2020-08-10,282
128052.XSHE,凯龙转债,规模小于一亿,2020-08-10,283
127008.XSHE,特发转债,规模小于一亿,2020-08-10,285
123013.XSHE,横河转债,规模小于一亿,2020-08-10,287
123040.XSHE,乐普转债,已公告强赎,2020-08-17,6
113031.XSHG,博威转债,已公告强赎,2020-08-17,55
113022.XSHG,浙商转债,已公告强赎,2020-08-17,68
128084.XSHE,木森转债,已公告强赎,2020-08-17,85
128059.XSHE,视源转债,停牌,2020-08-17,96
113514.XSHG,威帝转债,规模小于一亿,2020-08-17,106
128089.XSHE,麦米转债,已公告强赎,2020-08-17,135
128088.XSHE,深南转债,已公告强赎,2020-08-17,152
128045.XSHE,机电转债,已公告强赎,2020-08-17,185
113558.XSHG,日月转债,规模小于一亿,2020-08-17,212
123037.XSHE,新莱转债,规模小于一亿,2020-08-17,262
113521.XSHG,科森转债,规模小于一亿,2020-08-17,265
123041.XSHE,东财转2,已公告强赎,2020-08-17,271
123018.XSHE,溢利转债,规模小于一亿,2020-08-17,273
123020.XSHE,富祥转债,规模小于一亿,2020-08-17,277
113520.XSHG,百合转债,规模小于一亿,2020-08-17,278
128086.XSHE,国轩转债,已公告强赎,2020-08-17,280
128030.XSHE,天康转债,规模小于一亿,2020-08-17,283
110044.XSHG,广电转债,规模小于一亿,2020-08-17,284
123031.XSHE,晶瑞转债,规模小于一亿,2020-08-17,286
128043.XSHE,东音转债,规模小于一亿,2020-08-17,288
128041.XSHE,盛路转债,规模小于一亿,2020-08-17,289
127008.XSHE,特发转债,规模小于一亿,2020-08-17,290
128052.XSHE,凯龙转债,规模小于一亿,2020-08-17,291
123013.XSHE,横河转债,规模小于一亿,2020-08-17,293
123040.XSHE,乐普转债,已公告强赎,2020-08-24,0
113022.XSHG,浙商转债,已公告强赎,2020-08-24,3
128084.XSHE,木森转债,已公告强赎,2020-08-24,7
113514.XSHG,威帝转债,规模小于一亿,2020-08-24,30
113031.XSHG,博威转债,已公告强赎,2020-08-24,35
128092.XSHE,唐人转债,已公告强赎,2020-08-24,93
128059.XSHE,视源转债,规模小于一亿,2020-08-24,107
128088.XSHE,深南转债,停牌,2020-08-24,109
113019.XSHG,玲珑转债,已公告强赎,2020-08-24,119
128045.XSHE,机电转债,已公告强赎,2020-08-24,146
128089.XSHE,麦米转债,停牌,2020-08-24,178
113521.XSHG,科森转债,规模小于一亿,2020-08-24,265
123037.XSHE,新莱转债,规模小于一亿,2020-08-24,266
113518.XSHG,顾家转债,已公告强赎,2020-08-24,267
123041.XSHE,东财转2,已公告强赎,2020-08-24,276
128086.XSHE,国轩转债,已公告强赎,2020-08-24,283
123020.XSHE,富祥转债,规模小于一亿,2020-08-24,286
113520.XSHG,百合转债,规模小于一亿,2020-08-24,287
123018.XSHE,溢利转债,规模小于一亿,2020-08-24,288
128030.XSHE,天康转债,规模小于一亿,2020-08-24,290
123031.XSHE,晶瑞转债,规模小于一亿,2020-08-24,292
128043.XSHE,东音转债,规模小于一亿,2020-08-24,295
128041.XSHE,盛路转债,规模小于一亿,2020-08-24,296
128052.XSHE,凯龙转债,规模小于一亿,2020-08-24,297
127008.XSHE,特发转债,规模小于一亿,2020-08-24,298
110044.XSHG,广电转债,规模小于一亿,2020-08-24,299
123013.XSHE,横河转债,规模小于一亿,2020-08-24,301
128086.XSHE,国轩转债,已公告强赎,2020-08-31,0
128059.XSHE,视源转债,已公告强赎,2020-08-31,1
123041.XSHE,东财转2,已公告强赎,2020-08-31,2
128084.XSHE,木森转债,已公告强赎,2020-08-31,23
110042.XSHG,航电转债,已公告强赎,2020-08-31,28
113028.XSHG,环境转债,已公告强赎,2020-08-31,36
128089.XSHE,麦米转债,规模小于一亿,2020-08-31,55
128045.XSHE,机电转债,停牌,2020-08-31,58
113019.XSHG,玲珑转债,已公告强赎,2020-08-31,83
128092.XSHE,唐人转债,已公告强赎,2020-08-31,97
128088.XSHE,深南转债,规模小于一亿,2020-08-31,125
113554.XSHG,仙鹤转债,已公告强赎,2020-08-31,252
123037.XSHE,新莱转债,规模小于一亿,2020-08-31,268
113521.XSHG,科森转债,规模小于一亿,2020-08-31,272
123018.XSHE,溢利转债,规模小于一亿,2020-08-31,281
123020.XSHE,富祥转债,规模小于一亿,2020-08-31,284
113520.XSHG,百合转债,规模小于一亿,2020-08-31,286
128030.XSHE,天康转债,规模小于一亿,2020-08-31,287
123031.XSHE,晶瑞转债,规模小于一亿,2020-08-31,288
128043.XSHE,东音转债,规模小于一亿,2020-08-31,290
128052.XSHE,凯龙转债,规模小于一亿,2020-08-31,293
128041.XSHE,盛路转债,规模小于一亿,2020-08-31,294
127008.XSHE,特发转债,规模小于一亿,2020-08-31,295
110044.XSHG,广电转债,规模小于一亿,2020-08-31,296
123013.XSHE,横河转债,规模小于一亿,2020-08-31,298
128088.XSHE,深南转债,已公告强赎,2020-09-07,0
128089.XSHE,麦米转债,已公告强赎,2020-09-07,1
128059.XSHE,视源转债,已公告强赎,2020-09-07,2
123020.XSHE,富祥转债,已公告强赎,2020-09-07,3
110042.XSHG,航电转债,已公告强赎,2020-09-07,4
128092.XSHE,唐人转债,已公告强赎,2020-09-07,8
113028.XSHG,环境转债,已公告强赎,2020-09-07,12
128045.XSHE,机电转债,停牌,2020-09-07,25
128084.XSHE,木森转债,已公告强赎,2020-09-07,51
123052.XSHE,飞鹿转债,停牌,2020-09-07,80
113547.XSHG,索发转债,已公告强赎,2020-09-07,121
113554.XSHG,仙鹤转债,规模小于一亿,2020-09-07,228
113521.XSHG,科森转债,规模小于一亿,2020-09-07,265
123018.XSHE,溢利转债,规模小于一亿,2020-09-07,277
113520.XSHG,百合转债,规模小于一亿,2020-09-07,283
123037.XSHE,新莱转债,规模小于一亿,2020-09-07,284
128030.XSHE,天康转债,规模小于一亿,2020-09-07,286
123031.XSHE,晶瑞转债,规模小于一亿,2020-09-07,288
128043.XSHE,东音转债,规模小于一亿,2020-09-07,290
128041.XSHE,盛路转债,规模小于一亿,2020-09-07,292
128052.XSHE,凯龙转债,规模小于一亿,2020-09-07,293
127008.XSHE,特发转债,规模小于一亿,2020-09-07,294
110044.XSHG,广电转债,规模小于一亿,2020-09-07,295
123013.XSHE,横河转债,规模小于一亿,2020-09-07,297
128045.XSHE,机电转债,已公告强赎,2020-09-14,0
128084.XSHE,木森转债,已公告强赎,2020-09-14,1
123037.XSHE,新莱转债,已公告强赎,2020-09-14,2
128092.XSHE,唐人转债,已公告强赎,2020-09-14,3
113028.XSHG,环境转债,已公告强赎,2020-09-14,5
113544.XSHG,桃李转债,已公告强赎,2020-09-14,14
123052.XSHE,飞鹿转债,停牌,2020-09-14,90
113547.XSHG,索发转债,规模小于一亿,2020-09-14,169
113521.XSHG,科森转债,规模小于一亿,2020-09-14,277
123018.XSHE,溢利转债,规模小于一亿,2020-09-14,280
113520.XSHG,百合转债,规模小于一亿,2020-09-14,281
128030.XSHE,天康转债,规模小于一亿,2020-09-14,283
128041.XSHE,盛路转债,规模小于一亿,2020-09-14,287
123031.XSHE,晶瑞转债,规模小于一亿,2020-09-14,288
128043.XSHE,东音转债,规模小于一亿,2020-09-14,290
128052.XSHE,凯龙转债,规模小于一亿,2020-09-14,291
127008.XSHE,特发转债,规模小于一亿,2020-09-14,292
110044.XSHG,广电转债,规模小于一亿,2020-09-14,293
123013.XSHE,横河转债,规模小于一亿,2020-09-14,295
128084.XSHE,木森转债,已公告强赎,2020-09-21,0
128092.XSHE,唐人转债,规模小于一亿,2020-09-21,1
128067.XSHE,一心转债,已公告强赎,2020-09-21,208
113521.XSHG,科森转债,规模小于一亿,2020-09-21,280
128030.XSHE,天康转债,规模小于一亿,2020-09-21,281
113520.XSHG,百合转债,规模小于一亿,2020-09-21,283
123018.XSHE,溢利转债,规模小于一亿,2020-09-21,286
123031.XSHE,晶瑞转债,规模小于一亿,2020-09-21,289
128043.XSHE,东音转债,规模小于一亿,2020-09-21,290
128041.XSHE,盛路转债,规模小于一亿,2020-09-21,292
127008.XSHE,特发转债,规模小于一亿,2020-09-21,293
128052.XSHE,凯龙转债,规模小于一亿,2020-09-21,294
110044.XSHG,广电转债,规模小于一亿,2020-09-21,295
123013.XSHE,横河转债,规模小于一亿,2020-09-21,297
128092.XSHE,唐人转债,规模小于一亿,2020-09-28,1
128067.XSHE,一心转债,已公告强赎,2020-09-28,230
113520.XSHG,百合转债,规模小于一亿,2020-09-28,282
113521.XSHG,科森转债,规模小于一亿,2020-09-28,283
128030.XSHE,天康转债,规模小于一亿,2020-09-28,284
128043.XSHE,东音转债,规模小于一亿,2020-09-28,286
123018.XSHE,溢利转债,规模小于一亿,2020-09-28,291
123031.XSHE,晶瑞转债,规模小于一亿,2020-09-28,292
128041.XSHE,盛路转债,规模小于一亿,2020-09-28,295
127008.XSHE,特发转债,规模小于一亿,2020-09-28,296
128052.XSHE,凯龙转债,规模小于一亿,2020-09-28,297
110044.XSHG,广电转债,规模小于一亿,2020-09-28,298
123013.XSHE,横河转债,规模小于一亿,2020-09-28,300
128092.XSHE,唐人转债,停牌,2020-10-09,0
128067.XSHE,一心转债,已公告强赎,2020-10-09,209
128030.XSHE,天康转债,规模小于一亿,2020-10-09,281
113520.XSHG,百合转债,规模小于一亿,2020-10-09,282
113521.XSHG,科森转债,规模小于一亿,2020-10-09,283
123018.XSHE,溢利转债,规模小于一亿,2020-10-09,284
128043.XSHE,东音转债,规模小于一亿,2020-10-09,285
123031.XSHE,晶瑞转债,规模小于一亿,2020-10-09,293
128041.XSHE,盛路转债,规模小于一亿,2020-10-09,295
127008.XSHE,特发转债,规模小于一亿,2020-10-09,296
128052.XSHE,凯龙转债,规模小于一亿,2020-10-09,297
110044.XSHG,广电转债,规模小于一亿,2020-10-09,298
123013.XSHE,横河转债,规模小于一亿,2020-10-09,300
128092.XSHE,唐人转债,已公告强赎,2020-10-12,0
128067.XSHE,一心转债,已公告强赎,2020-10-12,211
123034.XSHE,通光转债,规模小于一亿,2020-10-12,272
128030.XSHE,天康转债,规模小于一亿,2020-10-12,281
113521.XSHG,科森转债,规模小于一亿,2020-10-12,282
113520.XSHG,百合转债,规模小于一亿,2020-10-12,283
123018.XSHE,溢利转债,规模小于一亿,2020-10-12,288
128043.XSHE,东音转债,规模小于一亿,2020-10-12,289
123031.XSHE,晶瑞转债,规模小于一亿,2020-10-12,293
128041.XSHE,盛路转债,规模小于一亿,2020-10-12,295
127008.XSHE,特发转债,规模小于一亿,2020-10-12,296
128052.XSHE,凯龙转债,规模小于一亿,2020-10-12,297
110044.XSHG,广电转债,规模小于一亿,2020-10-12,298
123013.XSHE,横河转债,规模小于一亿,2020-10-12,300
128092.XSHE,唐人转债,已公告强赎,2020-10-19,0
128098.XSHE,康弘转债,已公告强赎,2020-10-19,10
128067.XSHE,一心转债,规模小于一亿,2020-10-19,191
123034.XSHE,通光转债,规模小于一亿,2020-10-19,277
123032.XSHE,万里转债,规模小于一亿,2020-10-19,281
128030.XSHE,天康转债,规模小于一亿,2020-10-19,285
113521.XSHG,科森转债,规模小于一亿,2020-10-19,287
128043.XSHE,东音转债,规模小于一亿,2020-10-19,288
113520.XSHG,百合转债,规模小于一亿,2020-10-19,289
123018.XSHE,溢利转债,规模小于一亿,2020-10-19,294
123031.XSHE,晶瑞转债,规模小于一亿,2020-10-19,295
127008.XSHE,特发转债,规模小于一亿,2020-10-19,297
128052.XSHE,凯龙转债,规模小于一亿,2020-10-19,298
128041.XSHE,盛路转债,规模小于一亿,2020-10-19,299
110044.XSHG,广电转债,规模小于一亿,2020-10-19,301
123013.XSHE,横河转债,规模小于一亿,2020-10-19,303
128098.XSHE,康弘转债,已公告强赎,2020-10-26,5
128067.XSHE,一心转债,规模小于一亿,2020-10-26,191
128043.XSHE,东音转债,规模小于一亿,2020-10-26,269
113521.XSHG,科森转债,规模小于一亿,2020-10-26,272
128030.XSHE,天康转债,规模小于一亿,2020-10-26,275
113520.XSHG,百合转债,规模小于一亿,2020-10-26,283
123018.XSHE,溢利转债,规模小于一亿,2020-10-26,287
127008.XSHE,特发转债,规模小于一亿,2020-10-26,289
123032.XSHE,万里转债,规模小于一亿,2020-10-26,290
128052.XSHE,凯龙转债,规模小于一亿,2020-10-26,291
123031.XSHE,晶瑞转债,规模小于一亿,2020-10-26,294
128041.XSHE,盛路转债,规模小于一亿,2020-10-26,296
110044.XSHG,广电转债,规模小于一亿,2020-10-26,297
123034.XSHE,通光转债,规模小于一亿,2020-10-26,299
123043.XSHE,正元转债,停牌,2020-10-26,301
123013.XSHE,横河转债,规模小于一亿,2020-10-26,302
128099.XSHE,永高转债,已公告强赎,2020-11-02,2
128098.XSHE,康弘转债,已公告强赎,2020-11-02,7
113571.XSHG,博特转债,已公告强赎,2020-11-02,30
123026.XSHE,中环转债,已公告强赎,2020-11-02,43
128067.XSHE,一心转债,停牌,2020-11-02,158
128030.XSHE,天康转债,规模小于一亿,2020-11-02,277
113521.XSHG,科森转债,规模小于一亿,2020-11-02,283
128043.XSHE,东音转债,停牌,2020-11-02,284
123034.XSHE,通光转债,规模小于一亿,2020-11-02,290
113520.XSHG,百合转债,规模小于一亿,2020-11-02,293
123018.XSHE,溢利转债,规模小于一亿,2020-11-02,295
123032.XSHE,万里转债,规模小于一亿,2020-11-02,296
123031.XSHE,晶瑞转债,规模小于一亿,2020-11-02,297
127008.XSHE,特发转债,规模小于一亿,2020-11-02,298
128052.XSHE,凯龙转债,规模小于一亿,2020-11-02,300
128041.XSHE,盛路转债,规模小于一亿,2020-11-02,301
110044.XSHG,广电转债,规模小于一亿,2020-11-02,302
123013.XSHE,横河转债,规模小于一亿,2020-11-02,305
128067.XSHE,一心转债,已公告强赎,2020-11-09,0
128043.XSHE,东音转债,已公告强赎,2020-11-09,1
128099.XSHE,永高转债,已公告强赎,2020-11-09,5
113595.XSHG,花王转债,停牌,2020-11-09,6
128098.XSHE,康弘转债,已公告强赎,2020-11-09,13
123026.XSHE,中环转债,规模小于一亿,2020-11-09,73
113571.XSHG,博特转债,已公告强赎,2020-11-09,179
123032.XSHE,万里转债,规模小于一亿,2020-11-09,249
123036.XSHE,先导转债,已公告强赎,2020-11-09,268
128058.XSHE,拓邦转债,已公告强赎,2020-11-09,269
113580.XSHG,康隆转债,规模小于一亿,2020-11-09,281
128030.XSHE,天康转债,规模小于一亿,2020-11-09,283
113521.XSHG,科森转债,规模小于一亿,2020-11-09,286
123034.XSHE,通光转债,规模小于一亿,2020-11-09,291
113520.XSHG,百合转债,规模小于一亿,2020-11-09,299
123018.XSHE,溢利转债,规模小于一亿,2020-11-09,300
123031.XSHE,晶瑞转债,规模小于一亿,2020-11-09,302
127008.XSHE,特发转债,规模小于一亿,2020-11-09,303
128041.XSHE,盛路转债,规模小于一亿,2020-11-09,304
128052.XSHE,凯龙转债,规模小于一亿,2020-11-09,305
110044.XSHG,广电转债,规模小于一亿,2020-11-09,307
123013.XSHE,横河转债,规模小于一亿,2020-11-09,309
128099.XSHE,永高转债,已公告强赎,2020-11-16,4
128098.XSHE,康弘转债,停牌,2020-11-16,27
113553.XSHG,金牌转债,已公告强赎,2020-11-16,78
113571.XSHG,博特转债,已公告强赎,2020-11-16,183
128058.XSHE,拓邦转债,规模小于一亿,2020-11-16,245
123026.XSHE,中环转债,规模小于一亿,2020-11-16,246
123036.XSHE,先导转债,已公告强赎,2020-11-16,273
113580.XSHG,康隆转债,规模小于一亿,2020-11-16,282
123030.XSHE,九洲转债,规模小于一亿,2020-11-16,284
128030.XSHE,天康转债,规模小于一亿,2020-11-16,286
113521.XSHG,科森转债,规模小于一亿,2020-11-16,292
123034.XSHE,通光转债,规模小于一亿,2020-11-16,298
123032.XSHE,万里转债,规模小于一亿,2020-11-16,299
113581.XSHG,龙蟠转债,规模小于一亿,2020-11-16,301
113520.XSHG,百合转债,规模小于一亿,2020-11-16,302
123031.XSHE,晶瑞转债,规模小于一亿,2020-11-16,303
123018.XSHE,溢利转债,规模小于一亿,2020-11-16,304
127008.XSHE,特发转债,规模小于一亿,2020-11-16,306
128052.XSHE,凯龙转债,规模小于一亿,2020-11-16,307
128041.XSHE,盛路转债,规模小于一亿,2020-11-16,309
110044.XSHG,广电转债,规模小于一亿,2020-11-16,310
113555.XSHG,振德转债,规模小于一亿,2020-11-16,311
123013.XSHE,横河转债,规模小于一亿,2020-11-16,313
128098.XSHE,康弘转债,已公告强赎,2020-11-23,0
128099.XSHE,永高转债,已公告强赎,2020-11-23,1
123026.XSHE,中环转债,规模小于一亿,2020-11-23,56
113553.XSHG,金牌转债,已公告强赎,2020-11-23,132
123032.XSHE,万里转债,规模小于一亿,2020-11-23,200
128058.XSHE,拓邦转债,规模小于一亿,2020-11-23,258
113521.XSHG,科森转债,规模小于一亿,2020-11-23,266
123036.XSHE,先导转债,已公告强赎,2020-11-23,274
113020.XSHG,桐昆转债,已公告强赎,2020-11-23,277
128102.XSHE,海大转债,已公告强赎,2020-11-23,278
128030.XSHE,天康转债,规模小于一亿,2020-11-23,283
113580.XSHG,康隆转债,规模小于一亿,2020-11-23,286
123030.XSHE,九洲转债,规模小于一亿,2020-11-23,287
123034.XSHE,通光转债,规模小于一亿,2020-11-23,300
113520.XSHG,百合转债,规模小于一亿,2020-11-23,305
123031.XSHE,晶瑞转债,规模小于一亿,2020-11-23,306
123018.XSHE,溢利转债,规模小于一亿,2020-11-23,307
127008.XSHE,特发转债,规模小于一亿,2020-11-23,309
113581.XSHG,龙蟠转债,规模小于一亿,2020-11-23,310
128052.XSHE,凯龙转债,规模小于一亿,2020-11-23,311
128041.XSHE,盛路转债,规模小于一亿,2020-11-23,313
110044.XSHG,广电转债,规模小于一亿,2020-11-23,315
113555.XSHG,振德转债,规模小于一亿,2020-11-23,316
123013.XSHE,横河转债,规模小于一亿,2020-11-23,317
128058.XSHE,拓邦转债,已公告强赎,2020-11-30,0
128098.XSHE,康弘转债,已公告强赎,2020-11-30,1
113020.XSHG,桐昆转债,已公告强赎,2020-11-30,2
128104.XSHE,裕同转债,已公告强赎,2020-11-30,4
123032.XSHE,万里转债,已公告强赎,2020-11-30,13
113553.XSHG,金牌转债,规模小于一亿,2020-11-30,39
128019.XSHE,久立转2,已公告强赎,2020-11-30,102
123026.XSHE,中环转债,规模小于一亿,2020-11-30,196
123036.XSHE,先导转债,已公告强赎,2020-11-30,270
128102.XSHE,海大转债,已公告强赎,2020-11-30,276
123030.XSHE,九洲转债,规模小于一亿,2020-11-30,277
113580.XSHG,康隆转债,规模小于一亿,2020-11-30,282
128030.XSHE,天康转债,规模小于一亿,2020-11-30,291
123034.XSHE,通光转债,规模小于一亿,2020-11-30,302
113520.XSHG,百合转债,规模小于一亿,2020-11-30,308
123031.XSHE,晶瑞转债,规模小于一亿,2020-11-30,309
127008.XSHE,特发转债,规模小于一亿,2020-11-30,310
128052.XSHE,凯龙转债,规模小于一亿,2020-11-30,312
123018.XSHE,溢利转债,规模小于一亿,2020-11-30,313
113581.XSHG,龙蟠转债,规模小于一亿,2020-11-30,315
128041.XSHE,盛路转债,规模小于一亿,2020-11-30,316
110044.XSHG,广电转债,规模小于一亿,2020-11-30,318
113555.XSHG,振德转债,规模小于一亿,2020-11-30,319
123013.XSHE,横河转债,规模小于一亿,2020-11-30,320
123032.XSHE,万里转债,已公告强赎,2020-12-07,0
113020.XSHG,桐昆转债,已公告强赎,2020-12-07,1
128104.XSHE,裕同转债,已公告强赎,2020-12-07,12
128019.XSHE,久立转2,已公告强赎,2020-12-07,144
123026.XSHE,中环转债,规模小于一亿,2020-12-07,172
123030.XSHE,九洲转债,规模小于一亿,2020-12-07,268
113580.XSHG,康隆转债,规模小于一亿,2020-12-07,284
123036.XSHE,先导转债,已公告强赎,2020-12-07,285
128102.XSHE,海大转债,已公告强赎,2020-12-07,290
128030.XSHE,天康转债,规模小于一亿,2020-12-07,294
123034.XSHE,通光转债,规模小于一亿,2020-12-07,302
113520.XSHG,百合转债,规模小于一亿,2020-12-07,309
123031.XSHE,晶瑞转债,规模小于一亿,2020-12-07,311
127008.XSHE,特发转债,规模小于一亿,2020-12-07,312
123018.XSHE,溢利转债,规模小于一亿,2020-12-07,314
128052.XSHE,凯龙转债,规模小于一亿,2020-12-07,315
113581.XSHG,龙蟠转债,规模小于一亿,2020-12-07,316
128041.XSHE,盛路转债,规模小于一亿,2020-12-07,317
110044.XSHG,广电转债,规模小于一亿,2020-12-07,319
123013.XSHE,横河转债,规模小于一亿,2020-12-07,321
113020.XSHG,桐昆转债,已公告强赎,2020-12-14,0
123036.XSHE,先导转债,已公告强赎,2020-12-14,1
123026.XSHE,中环转债,已公告强赎,2020-12-14,8
128104.XSHE,裕同转债,已公告强赎,2020-12-14,10
113562.XSHG,璞泰转债,已公告强赎,2020-12-14,11
128019.XSHE,久立转2,已公告强赎,2020-12-14,91
110053.XSHG,苏银转债,停牌,2020-12-14,228
123030.XSHE,九洲转债,规模小于一亿,2020-12-14,275
113580.XSHG,康隆转债,规模小于一亿,2020-12-14,280
128030.XSHE,天康转债,规模小于一亿,2020-12-14,284
128102.XSHE,海大转债,已公告强赎,2020-12-14,285
123034.XSHE,通光转债,规模小于一亿,2020-12-14,303
113520.XSHG,百合转债,规模小于一亿,2020-12-14,305
123031.XSHE,晶瑞转债,规模小于一亿,2020-12-14,309
127008.XSHE,特发转债,规模小于一亿,2020-12-14,310
128052.XSHE,凯龙转债,规模小于一亿,2020-12-14,313
123018.XSHE,溢利转债,规模小于一亿,2020-12-14,314
128041.XSHE,盛路转债,规模小于一亿,2020-12-14,316
110044.XSHG,广电转债,规模小于一亿,2020-12-14,317
123013.XSHE,横河转债,规模小于一亿,2020-12-14,319
113020.XSHG,桐昆转债,已公告强赎,2020-12-21,0
123026.XSHE,中环转债,已公告强赎,2020-12-21,1
128104.XSHE,裕同转债,已公告强赎,2020-12-21,61
113032.XSHG,桐20转债,已公告强赎,2020-12-21,145
128019.XSHE,久立转2,已公告强赎,2020-12-21,175
123046.XSHE,天铁转债,规模小于一亿,2020-12-21,235
123030.XSHE,九洲转债,规模小于一亿,2020-12-21,269
128030.XSHE,天康转债,规模小于一亿,2020-12-21,277
128102.XSHE,海大转债,规模小于一亿,2020-12-21,285
113580.XSHG,康隆转债,规模小于一亿,2020-12-21,289
113520.XSHG,百合转债,规模小于一亿,2020-12-21,302
123034.XSHE,通光转债,规模小于一亿,2020-12-21,305
123031.XSHE,晶瑞转债,规模小于一亿,2020-12-21,309
127008.XSHE,特发转债,规模小于一亿,2020-12-21,310
128052.XSHE,凯龙转债,规模小于一亿,2020-12-21,314
123018.XSHE,溢利转债,规模小于一亿,2020-12-21,315
128041.XSHE,盛路转债,规模小于一亿,2020-12-21,316
110044.XSHG,广电转债,规模小于一亿,2020-12-21,318
123013.XSHE,横河转债,规模小于一亿,2020-12-21,320
128102.XSHE,海大转债,已公告强赎,2020-12-28,0
128104.XSHE,裕同转债,已公告强赎,2020-12-28,113
113032.XSHG,桐20转债,已公告强赎,2020-12-28,194
128019.XSHE,久立转2,已公告强赎,2020-12-28,211
123046.XSHE,天铁转债,规模小于一亿,2020-12-28,215
128030.XSHE,天康转债,规模小于一亿,2020-12-28,259
123030.XSHE,九洲转债,规模小于一亿,2020-12-28,278
113580.XSHG,康隆转债,规模小于一亿,2020-12-28,300
113520.XSHG,百合转债,规模小于一亿,2020-12-28,305
123034.XSHE,通光转债,规模小于一亿,2020-12-28,313
123031.XSHE,晶瑞转债,规模小于一亿,2020-12-28,317
127008.XSHE,特发转债,规模小于一亿,2020-12-28,320
123018.XSHE,溢利转债,规模小于一亿,2020-12-28,323
128052.XSHE,凯龙转债,规模小于一亿,2020-12-28,324
110044.XSHG,广电转债,规模小于一亿,2020-12-28,325
128041.XSHE,盛路转债,规模小于一亿,2020-12-28,328
123013.XSHE,横河转债,规模小于一亿,2020-12-28,329
128104.XSHE,裕同转债,已公告强赎,2021-01-04,121
113575.XSHG,东时转债,规模小于一亿,2021-01-04,155
113032.XSHG,桐20转债,已公告强赎,2021-01-04,183
123046.XSHE,天铁转债,规模小于一亿,2021-01-04,230
128019.XSHE,久立转2,已公告强赎,2021-01-04,235
123030.XSHE,九洲转债,规模小于一亿,2021-01-04,260
128030.XSHE,天康转债,规模小于一亿,2021-01-04,292
113520.XSHG,百合转债,规模小于一亿,2021-01-04,304
123034.XSHE,通光转债,规模小于一亿,2021-01-04,309
123031.XSHE,晶瑞转债,规模小于一亿,2021-01-04,314
127008.XSHE,特发转债,规模小于一亿,2021-01-04,315
113035.XSHG,福莱转债,已公告强赎,2021-01-04,316
123018.XSHE,溢利转债,规模小于一亿,2021-01-04,320
113580.XSHG,康隆转债,规模小于一亿,2021-01-04,322
128052.XSHE,凯龙转债,规模小于一亿,2021-01-04,323
110044.XSHG,广电转债,规模小于一亿,2021-01-04,325
128041.XSHE,盛路转债,规模小于一亿,2021-01-04,328
123013.XSHE,横河转债,规模小于一亿,2021-01-04,329
128019.XSHE,久立转2,已公告强赎,2021-01-11,0
128104.XSHE,裕同转债,已公告强赎,2021-01-11,1
113575.XSHG,东时转债,规模小于一亿,2021-01-11,159
123061.XSHE,航新转债,停牌,2021-01-11,196
113032.XSHG,桐20转债,已公告强赎,2021-01-11,265
123046.XSHE,天铁转债,规模小于一亿,2021-01-11,267
123030.XSHE,九洲转债,规模小于一亿,2021-01-11,294
123017.XSHE,寒锐转债,已公告强赎,2021-01-11,299
128030.XSHE,天康转债,规模小于一亿,2021-01-11,300
113035.XSHG,福莱转债,已公告强赎,2021-01-11,317
123034.XSHE,通光转债,规模小于一亿,2021-01-11,319
127008.XSHE,特发转债,规模小于一亿,2021-01-11,322
128110.XSHE,永兴转债,已公告强赎,2021-01-11,323
123031.XSHE,晶瑞转债,规模小于一亿,2021-01-11,324
123018.XSHE,溢利转债,规模小于一亿,2021-01-11,325
110044.XSHG,广电转债,规模小于一亿,2021-01-11,329
113580.XSHG,康隆转债,规模小于一亿,2021-01-11,330
128052.XSHE,凯龙转债,规模小于一亿,2021-01-11,331
128041.XSHE,盛路转债,规模小于一亿,2021-01-11,333
123013.XSHE,横河转债,规模小于一亿,2021-01-11,334
123055.XSHE,晨光转债,已公告强赎,2021-01-18,60
113556.XSHG,至纯转债,已公告强赎,2021-01-18,268
123017.XSHE,寒锐转债,已公告强赎,2021-01-18,289
128112.XSHE,歌尔转2,已公告强赎,2021-01-18,299
113575.XSHG,东时转债,规模小于一亿,2021-01-18,305
123046.XSHE,天铁转债,规模小于一亿,2021-01-18,309
123030.XSHE,九洲转债,规模小于一亿,2021-01-18,314
128030.XSHE,天康转债,规模小于一亿,2021-01-18,316
113035.XSHG,福莱转债,已公告强赎,2021-01-18,322
123034.XSHE,通光转债,规模小于一亿,2021-01-18,324
123031.XSHE,晶瑞转债,规模小于一亿,2021-01-18,325
127008.XSHE,特发转债,规模小于一亿,2021-01-18,326
128110.XSHE,永兴转债,已公告强赎,2021-01-18,327
123018.XSHE,溢利转债,规模小于一亿,2021-01-18,332
113586.XSHG,上机转债,规模小于一亿,2021-01-18,333
110044.XSHG,广电转债,规模小于一亿,2021-01-18,334
128052.XSHE,凯龙转债,规模小于一亿,2021-01-18,335
113580.XSHG,康隆转债,规模小于一亿,2021-01-18,336
128041.XSHE,盛路转债,规模小于一亿,2021-01-18,338
123013.XSHE,横河转债,规模小于一亿,2021-01-18,339
113008.XSHG,电气转债,停牌,2021-01-25,5
123055.XSHE,晨光转债,已公告强赎,2021-01-25,93
110077.XSHG,洪城转债,停牌,2021-01-25,127
113556.XSHG,至纯转债,已公告强赎,2021-01-25,238
128112.XSHE,歌尔转2,已公告强赎,2021-01-25,283
123046.XSHE,天铁转债,规模小于一亿,2021-01-25,297
123017.XSHE,寒锐转债,已公告强赎,2021-01-25,301
123030.XSHE,九洲转债,规模小于一亿,2021-01-25,314
128115.XSHE,巨星转债,已公告强赎,2021-01-25,322
123034.XSHE,通光转债,规模小于一亿,2021-01-25,323
128030.XSHE,天康转债,规模小于一亿,2021-01-25,324
113035.XSHG,福莱转债,已公告强赎,2021-01-25,325
113575.XSHG,东时转债,规模小于一亿,2021-01-25,326
127008.XSHE,特发转债,规模小于一亿,2021-01-25,327
128065.XSHE,雅化转债,已公告强赎,2021-01-25,328
123031.XSHE,晶瑞转债,规模小于一亿,2021-01-25,329
128028.XSHE,赣锋转债,已公告强赎,2021-01-25,330
128110.XSHE,永兴转债,规模小于一亿,2021-01-25,334
123018.XSHE,溢利转债,规模小于一亿,2021-01-25,335
128052.XSHE,凯龙转债,规模小于一亿,2021-01-25,336
110044.XSHG,广电转债,规模小于一亿,2021-01-25,337
113580.XSHG,康隆转债,规模小于一亿,2021-01-25,338
128041.XSHE,盛路转债,规模小于一亿,2021-01-25,340
123013.XSHE,横河转债,规模小于一亿,2021-01-25,341
113008.XSHG,电气转债,停牌,2021-02-01,28
128010.XSHE,蔚蓝转债,已公告强赎,2021-02-01,67
123055.XSHE,晨光转债,已公告强赎,2021-02-01,171
113587.XSHG,泛微转债,已公告强赎,2021-02-01,219
128112.XSHE,歌尔转2,已公告强赎,2021-02-01,238
123046.XSHE,天铁转债,规模小于一亿,2021-02-01,262
123030.XSHE,九洲转债,规模小于一亿,2021-02-01,283
127008.XSHE,特发转债,规模小于一亿,2021-02-01,287
123017.XSHE,寒锐转债,已公告强赎,2021-02-01,289
113575.XSHG,东时转债,规模小于一亿,2021-02-01,305
123034.XSHE,通光转债,规模小于一亿,2021-02-01,321
128065.XSHE,雅化转债,已公告强赎,2021-02-01,322
123031.XSHE,晶瑞转债,规模小于一亿,2021-02-01,324
123018.XSHE,溢利转债,规模小于一亿,2021-02-01,325
128028.XSHE,赣锋转债,已公告强赎,2021-02-01,328
128110.XSHE,永兴转债,规模小于一亿,2021-02-01,330
128115.XSHE,巨星转债,已公告强赎,2021-02-01,332
128052.XSHE,凯龙转债,规模小于一亿,2021-02-01,334
128030.XSHE,天康转债,规模小于一亿,2021-02-01,335
110044.XSHG,广电转债,规模小于一亿,2021-02-01,336
113580.XSHG,康隆转债,规模小于一亿,2021-02-01,337
128041.XSHE,盛路转债,规模小于一亿,2021-02-01,339
123013.XSHE,横河转债,规模小于一亿,2021-02-01,340
128010.XSHE,蔚蓝转债,已公告强赎,2021-02-08,81
123055.XSHE,晨光转债,已公告强赎,2021-02-08,165
128112.XSHE,歌尔转2,已公告强赎,2021-02-08,192
123046.XSHE,天铁转债,规模小于一亿,2021-02-08,243
127008.XSHE,特发转债,规模小于一亿,2021-02-08,244
113587.XSHG,泛微转债,规模小于一亿,2021-02-08,255
123030.XSHE,九洲转债,规模小于一亿,2021-02-08,261
123017.XSHE,寒锐转债,已公告强赎,2021-02-08,270
113575.XSHG,东时转债,规模小于一亿,2021-02-08,294
113590.XSHG,海容转债,已公告强赎,2021-02-08,303
128065.XSHE,雅化转债,已公告强赎,2021-02-08,317
123034.XSHE,通光转债,规模小于一亿,2021-02-08,319
123031.XSHE,晶瑞转债,规模小于一亿,2021-02-08,321
128052.XSHE,凯龙转债,规模小于一亿,2021-02-08,323
123018.XSHE,溢利转债,规模小于一亿,2021-02-08,327
128110.XSHE,永兴转债,规模小于一亿,2021-02-08,328
128028.XSHE,赣锋转债,已公告强赎,2021-02-08,332
128115.XSHE,巨星转债,已公告强赎,2021-02-08,333
110044.XSHG,广电转债,规模小于一亿,2021-02-08,336
128030.XSHE,天康转债,规模小于一亿,2021-02-08,337
113580.XSHG,康隆转债,规模小于一亿,2021-02-08,338
128041.XSHE,盛路转债,规模小于一亿,2021-02-08,340
123013.XSHE,横河转债,规模小于一亿,2021-02-08,341
128010.XSHE,蔚蓝转债,已公告强赎,2021-02-18,71
123055.XSHE,晨光转债,已公告强赎,2021-02-18,150
113587.XSHG,泛微转债,规模小于一亿,2021-02-18,224
123046.XSHE,天铁转债,规模小于一亿,2021-02-18,231
113583.XSHG,益丰转债,已公告强赎,2021-02-18,238
128112.XSHE,歌尔转2,已公告强赎,2021-02-18,239
127008.XSHE,特发转债,规模小于一亿,2021-02-18,254
123030.XSHE,九洲转债,规模小于一亿,2021-02-18,257
113575.XSHG,东时转债,规模小于一亿,2021-02-18,276
123017.XSHE,寒锐转债,已公告强赎,2021-02-18,277
113590.XSHG,海容转债,已公告强赎,2021-02-18,307
123034.XSHE,通光转债,规模小于一亿,2021-02-18,313
123031.XSHE,晶瑞转债,规模小于一亿,2021-02-18,314
113592.XSHG,安20转债,已公告强赎,2021-02-18,320
128065.XSHE,雅化转债,已公告强赎,2021-02-18,321
128052.XSHE,凯龙转债,规模小于一亿,2021-02-18,324
123018.XSHE,溢利转债,规模小于一亿,2021-02-18,326
128110.XSHE,永兴转债,规模小于一亿,2021-02-18,332
110044.XSHG,广电转债,规模小于一亿,2021-02-18,335
128115.XSHE,巨星转债,已公告强赎,2021-02-18,337
128028.XSHE,赣锋转债,已公告强赎,2021-02-18,338
128030.XSHE,天康转债,规模小于一亿,2021-02-18,339
113580.XSHG,康隆转债,规模小于一亿,2021-02-18,340
128041.XSHE,盛路转债,规模小于一亿,2021-02-18,342
123013.XSHE,横河转债,规模小于一亿,2021-02-18,343
113524.XSHG,奇精转债,停牌,2021-02-22,40
128010.XSHE,蔚蓝转债,已公告强赎,2021-02-22,95
123055.XSHE,晨光转债,已公告强赎,2021-02-22,160
113583.XSHG,益丰转债,已公告强赎,2021-02-22,183
113587.XSHG,泛微转债,已公告强赎,2021-02-22,218
127008.XSHE,特发转债,规模小于一亿,2021-02-22,247
123030.XSHE,九洲转债,规模小于一亿,2021-02-22,251
113575.XSHG,东时转债,规模小于一亿,2021-02-22,254
128112.XSHE,歌尔转2,已公告强赎,2021-02-22,263
123046.XSHE,天铁转债,规模小于一亿,2021-02-22,275
113590.XSHG,海容转债,已公告强赎,2021-02-22,294
123017.XSHE,寒锐转债,规模小于一亿,2021-02-22,299
123034.XSHE,通光转债,规模小于一亿,2021-02-22,319
123031.XSHE,晶瑞转债,规模小于一亿,2021-02-22,320
113592.XSHG,安20转债,已公告强赎,2021-02-22,322
128052.XSHE,凯龙转债,规模小于一亿,2021-02-22,325
128065.XSHE,雅化转债,规模小于一亿,2021-02-22,326
123018.XSHE,溢利转债,规模小于一亿,2021-02-22,329
128110.XSHE,永兴转债,已公告强赎,2021-02-22,336
128115.XSHE,巨星转债,规模小于一亿,2021-02-22,337
110044.XSHG,广电转债,规模小于一亿,2021-02-22,338
128028.XSHE,赣锋转债,已公告强赎,2021-02-22,339
128030.XSHE,天康转债,规模小于一亿,2021-02-22,341
113580.XSHG,康隆转债,规模小于一亿,2021-02-22,342
128041.XSHE,盛路转债,规模小于一亿,2021-02-22,344
123013.XSHE,横河转债,规模小于一亿,2021-02-22,345
128010.XSHE,蔚蓝转债,已公告强赎,2021-03-01,0
123017.XSHE,寒锐转债,已公告强赎,2021-03-01,1
128110.XSHE,永兴转债,已公告强赎,2021-03-01,2
128115.XSHE,巨星转债,已公告强赎,2021-03-01,3
123055.XSHE,晨光转债,已公告强赎,2021-03-01,4
110071.XSHG,湖盐转债,停牌,2021-03-01,93
113583.XSHG,益丰转债,已公告强赎,2021-03-01,121
127008.XSHE,特发转债,规模小于一亿,2021-03-01,236
128112.XSHE,歌尔转2,已公告强赎,2021-03-01,248
113575.XSHG,东时转债,规模小于一亿,2021-03-01,266
123030.XSHE,九洲转债,规模小于一亿,2021-03-01,267
123046.XSHE,天铁转债,规模小于一亿,2021-03-01,277
113590.XSHG,海容转债,已公告强赎,2021-03-01,287
113592.XSHG,安20转债,已公告强赎,2021-03-01,320
128065.XSHE,雅化转债,已公告强赎,2021-03-01,324
128052.XSHE,凯龙转债,规模小于一亿,2021-03-01,328
123031.XSHE,晶瑞转债,规模小于一亿,2021-03-01,331
123034.XSHE,通光转债,规模小于一亿,2021-03-01,333
123018.XSHE,溢利转债,规模小于一亿,2021-03-01,336
128028.XSHE,赣锋转债,已公告强赎,2021-03-01,337
128030.XSHE,天康转债,规模小于一亿,2021-03-01,341
113580.XSHG,康隆转债,规模小于一亿,2021-03-01,343
110044.XSHG,广电转债,规模小于一亿,2021-03-01,344
128041.XSHE,盛路转债,规模小于一亿,2021-03-01,346
123013.XSHE,横河转债,规模小于一亿,2021-03-01,347
128028.XSHE,赣锋转债,已公告强赎,2021-03-08,0
128112.XSHE,歌尔转2,已公告强赎,2021-03-08,1
127008.XSHE,特发转债,已公告强赎,2021-03-08,2
128010.XSHE,蔚蓝转债,已公告强赎,2021-03-08,3
128065.XSHE,雅化转债,已公告强赎,2021-03-08,4
113029.XSHG,明阳转债,已公告强赎,2021-03-08,214
123046.XSHE,天铁转债,规模小于一亿,2021-03-08,269
123030.XSHE,九洲转债,规模小于一亿,2021-03-08,276
113575.XSHG,东时转债,规模小于一亿,2021-03-08,290
123031.XSHE,晶瑞转债,规模小于一亿,2021-03-08,326
128052.XSHE,凯龙转债,规模小于一亿,2021-03-08,328
123034.XSHE,通光转债,规模小于一亿,2021-03-08,330
123018.XSHE,溢利转债,规模小于一亿,2021-03-08,331
128030.XSHE,天康转债,规模小于一亿,2021-03-08,335
113580.XSHG,康隆转债,规模小于一亿,2021-03-08,336
110044.XSHG,广电转债,规模小于一亿,2021-03-08,338
128041.XSHE,盛路转债,规模小于一亿,2021-03-08,340
123013.XSHE,横河转债,规模小于一亿,2021-03-08,341
128028.XSHE,赣锋转债,已公告强赎,2021-03-15,0
113029.XSHG,明阳转债,已公告强赎,2021-03-15,206
113038.XSHG,隆20转债,已公告强赎,2021-03-15,264
123046.XSHE,天铁转债,规模小于一亿,2021-03-15,295
123030.XSHE,九洲转债,规模小于一亿,2021-03-15,312
128052.XSHE,凯龙转债,规模小于一亿,2021-03-15,318
113575.XSHG,东时转债,规模小于一亿,2021-03-15,319
123034.XSHE,通光转债,规模小于一亿,2021-03-15,325
123031.XSHE,晶瑞转债,规模小于一亿,2021-03-15,327
123018.XSHE,溢利转债,规模小于一亿,2021-03-15,331
128030.XSHE,天康转债,规模小于一亿,2021-03-15,333
110044.XSHG,广电转债,规模小于一亿,2021-03-15,334
113580.XSHG,康隆转债,规模小于一亿,2021-03-15,336
128041.XSHE,盛路转债,规模小于一亿,2021-03-15,338
123013.XSHE,横河转债,规模小于一亿,2021-03-15,339
127025.XSHE,冀东转债,停牌,2021-03-22,171
113038.XSHG,隆20转债,已公告强赎,2021-03-22,257
123046.XSHE,天铁转债,规模小于一亿,2021-03-22,266
128052.XSHE,凯龙转债,规模小于一亿,2021-03-22,274
128012.XSHE,辉丰转债,已公告强赎,2021-03-22,298
123030.XSHE,九洲转债,规模小于一亿,2021-03-22,304
113575.XSHG,东时转债,规模小于一亿,2021-03-22,313
113509.XSHG,新泉转债,规模小于一亿,2021-03-22,319
123034.XSHE,通光转债,规模小于一亿,2021-03-22,323
123031.XSHE,晶瑞转债,规模小于一亿,2021-03-22,326
123018.XSHE,溢利转债,规模小于一亿,2021-03-22,330
128030.XSHE,天康转债,规模小于一亿,2021-03-22,332
110044.XSHG,广电转债,规模小于一亿,2021-03-22,333
113580.XSHG,康隆转债,规模小于一亿,2021-03-22,334
128041.XSHE,盛路转债,规模小于一亿,2021-03-22,337
123013.XSHE,横河转债,规模小于一亿,2021-03-22,338
128052.XSHE,凯龙转债,已公告强赎,2021-03-29,0
127025.XSHE,冀东转债,停牌,2021-03-29,178
113038.XSHG,隆20转债,已公告强赎,2021-03-29,272
123030.XSHE,九洲转债,规模小于一亿,2021-03-29,295
123046.XSHE,天铁转债,规模小于一亿,2021-03-29,299
128012.XSHE,辉丰转债,已公告强赎,2021-03-29,301
113575.XSHG,东时转债,规模小于一亿,2021-03-29,310
113509.XSHG,新泉转债,规模小于一亿,2021-03-29,321
123034.XSHE,通光转债,规模小于一亿,2021-03-29,325
123031.XSHE,晶瑞转债,规模小于一亿,2021-03-29,328
123018.XSHE,溢利转债,规模小于一亿,2021-03-29,333
128030.XSHE,天康转债,规模小于一亿,2021-03-29,334
113580.XSHG,康隆转债,规模小于一亿,2021-03-29,335
110044.XSHG,广电转债,规模小于一亿,2021-03-29,337
128041.XSHE,盛路转债,规模小于一亿,2021-03-29,339
123013.XSHE,横河转债,规模小于一亿,2021-03-29,340
110069.XSHG,瀚蓝转债,已公告强赎,2021-04-06,176
128126.XSHE,赣锋转2,已公告强赎,2021-04-06,297
113575.XSHG,东时转债,规模小于一亿,2021-04-06,299
123030.XSHE,九洲转债,规模小于一亿,2021-04-06,301
128012.XSHE,辉丰转债,已公告强赎,2021-04-06,303
123046.XSHE,天铁转债,规模小于一亿,2021-04-06,309
113509.XSHG,新泉转债,规模小于一亿,2021-04-06,326
123034.XSHE,通光转债,规模小于一亿,2021-04-06,329
123031.XSHE,晶瑞转债,规模小于一亿,2021-04-06,333
123018.XSHE,溢利转债,规模小于一亿,2021-04-06,336
128030.XSHE,天康转债,规模小于一亿,2021-04-06,338
113580.XSHG,康隆转债,规模小于一亿,2021-04-06,339
110044.XSHG,广电转债,规模小于一亿,2021-04-06,342
128041.XSHE,盛路转债,规模小于一亿,2021-04-06,343
123013.XSHE,横河转债,规模小于一亿,2021-04-06,344
110069.XSHG,瀚蓝转债,已公告强赎,2021-04-12,143
113575.XSHG,东时转债,规模小于一亿,2021-04-12,254
128126.XSHE,赣锋转2,已公告强赎,2021-04-12,262
123030.XSHE,九洲转债,规模小于一亿,2021-04-12,299
128012.XSHE,辉丰转债,已公告强赎,2021-04-12,300
123046.XSHE,天铁转债,规模小于一亿,2021-04-12,308
113509.XSHG,新泉转债,规模小于一亿,2021-04-12,321
123034.XSHE,通光转债,规模小于一亿,2021-04-12,330
123031.XSHE,晶瑞转债,规模小于一亿,2021-04-12,332
123018.XSHE,溢利转债,规模小于一亿,2021-04-12,338
113580.XSHG,康隆转债,规模小于一亿,2021-04-12,339
128030.XSHE,天康转债,规模小于一亿,2021-04-12,340
110044.XSHG,广电转债,规模小于一亿,2021-04-12,342
128041.XSHE,盛路转债,规模小于一亿,2021-04-12,344
123013.XSHE,横河转债,规模小于一亿,2021-04-12,345
128012.XSHE,辉丰转债,已公告强赎,2021-04-19,0
113564.XSHG,天目转债,已公告强赎,2021-04-19,127
110069.XSHG,瀚蓝转债,已公告强赎,2021-04-19,170
113575.XSHG,东时转债,规模小于一亿,2021-04-19,291
123030.XSHE,九洲转债,规模小于一亿,2021-04-19,296
123046.XSHE,天铁转债,规模小于一亿,2021-04-19,305
128126.XSHE,赣锋转2,已公告强赎,2021-04-19,312
113557.XSHG,森特转债,规模小于一亿,2021-04-19,323
113509.XSHG,新泉转债,规模小于一亿,2021-04-19,329
123034.XSHE,通光转债,规模小于一亿,2021-04-19,333
123031.XSHE,晶瑞转债,规模小于一亿,2021-04-19,334
123018.XSHE,溢利转债,规模小于一亿,2021-04-19,340
128030.XSHE,天康转债,规模小于一亿,2021-04-19,343
113580.XSHG,康隆转债,规模小于一亿,2021-04-19,345
110044.XSHG,广电转债,规模小于一亿,2021-04-19,346
128041.XSHE,盛路转债,规模小于一亿,2021-04-19,348
123013.XSHE,横河转债,规模小于一亿,2021-04-19,349
128012.XSHE,辉丰转债,已公告强赎,2021-04-26,0
113564.XSHG,天目转债,已公告强赎,2021-04-26,63
110069.XSHG,瀚蓝转债,规模小于一亿,2021-04-26,134
127030.XSHE,盛虹转债,停牌,2021-04-26,246
123030.XSHE,九洲转债,规模小于一亿,2021-04-26,304
128126.XSHE,赣锋转2,已公告强赎,2021-04-26,308
123046.XSHE,天铁转债,规模小于一亿,2021-04-26,310
113575.XSHG,东时转债,规模小于一亿,2021-04-26,316
113509.XSHG,新泉转债,规模小于一亿,2021-04-26,337
113557.XSHG,森特转债,规模小于一亿,2021-04-26,341
123034.XSHE,通光转债,规模小于一亿,2021-04-26,342
123031.XSHE,晶瑞转债,规模小于一亿,2021-04-26,343
123018.XSHE,溢利转债,规模小于一亿,2021-04-26,348
128030.XSHE,天康转债,规模小于一亿,2021-04-26,351
110044.XSHG,广电转债,规模小于一亿,2021-04-26,354
113580.XSHG,康隆转债,规模小于一亿,2021-04-26,355
128041.XSHE,盛路转债,规模小于一亿,2021-04-26,357
123013.XSHE,横河转债,规模小于一亿,2021-04-26,358
113564.XSHG,天目转债,规模小于一亿,2021-05-06,15
127030.XSHE,盛虹转债,停牌,2021-05-06,237
113575.XSHG,东时转债,规模小于一亿,2021-05-06,294
128126.XSHE,赣锋转2,已公告强赎,2021-05-06,314
123046.XSHE,天铁转债,规模小于一亿,2021-05-06,319
123030.XSHE,九洲转债,规模小于一亿,2021-05-06,322
113509.XSHG,新泉转债,规模小于一亿,2021-05-06,330
123034.XSHE,通光转债,规模小于一亿,2021-05-06,338
123031.XSHE,晶瑞转债,规模小于一亿,2021-05-06,341
123018.XSHE,溢利转债,规模小于一亿,2021-05-06,344
128030.XSHE,天康转债,规模小于一亿,2021-05-06,349
110044.XSHG,广电转债,规模小于一亿,2021-05-06,350
113580.XSHG,康隆转债,规模小于一亿,2021-05-06,354
128041.XSHE,盛路转债,规模小于一亿,2021-05-06,355
123013.XSHE,横河转债,规模小于一亿,2021-05-06,356
123029.XSHE,英科转债,规模小于一亿,2021-05-06,357
113564.XSHG,天目转债,规模小于一亿,2021-05-10,6
127030.XSHE,盛虹转债,停牌,2021-05-10,216
113527.XSHG,维格转债,停牌,2021-05-10,282
128126.XSHE,赣锋转2,已公告强赎,2021-05-10,315
113575.XSHG,东时转债,规模小于一亿,2021-05-10,316
123046.XSHE,天铁转债,规模小于一亿,2021-05-10,322
113509.XSHG,新泉转债,规模小于一亿,2021-05-10,329
123030.XSHE,九洲转债,规模小于一亿,2021-05-10,338
123034.XSHE,通光转债,规模小于一亿,2021-05-10,343
123031.XSHE,晶瑞转债,规模小于一亿,2021-05-10,345
128030.XSHE,天康转债,规模小于一亿,2021-05-10,347
123018.XSHE,溢利转债,规模小于一亿,2021-05-10,350
110044.XSHG,广电转债,规模小于一亿,2021-05-10,353
113580.XSHG,康隆转债,规模小于一亿,2021-05-10,354
128041.XSHE,盛路转债,规模小于一亿,2021-05-10,357
123013.XSHE,横河转债,规模小于一亿,2021-05-10,358
123029.XSHE,英科转债,规模小于一亿,2021-05-10,359
128126.XSHE,赣锋转2,已公告强赎,2021-05-17,0
113564.XSHG,天目转债,规模小于一亿,2021-05-17,2
113575.XSHG,东时转债,规模小于一亿,2021-05-17,313
123030.XSHE,九洲转债,规模小于一亿,2021-05-17,329
113509.XSHG,新泉转债,规模小于一亿,2021-05-17,332
123046.XSHE,天铁转债,规模小于一亿,2021-05-17,334
123034.XSHE,通光转债,规模小于一亿,2021-05-17,343
123031.XSHE,晶瑞转债,规模小于一亿,2021-05-17,347
128030.XSHE,天康转债,规模小于一亿,2021-05-17,352
123018.XSHE,溢利转债,规模小于一亿,2021-05-17,353
110044.XSHG,广电转债,规模小于一亿,2021-05-17,357
113580.XSHG,康隆转债,规模小于一亿,2021-05-17,358
128041.XSHE,盛路转债,规模小于一亿,2021-05-17,360
123013.XSHE,横河转债,规模小于一亿,2021-05-17,361
123029.XSHE,英科转债,规模小于一亿,2021-05-17,362
123046.XSHE,天铁转债,规模小于一亿,2021-05-24,322
113509.XSHG,新泉转债,规模小于一亿,2021-05-24,328
123030.XSHE,九洲转债,规模小于一亿,2021-05-24,336
113575.XSHG,东时转债,规模小于一亿,2021-05-24,340
123034.XSHE,通光转债,规模小于一亿,2021-05-24,343
123031.XSHE,晶瑞转债,规模小于一亿,2021-05-24,347
128030.XSHE,天康转债,规模小于一亿,2021-05-24,352
123018.XSHE,溢利转债,规模小于一亿,2021-05-24,353
110044.XSHG,广电转债,规模小于一亿,2021-05-24,355
113580.XSHG,康隆转债,规模小于一亿,2021-05-24,357
128041.XSHE,盛路转债,规模小于一亿,2021-05-24,359
123013.XSHE,横河转债,规模小于一亿,2021-05-24,360
123029.XSHE,英科转债,规模小于一亿,2021-05-24,361
123068.XSHE,弘信转债,停牌,2021-05-31,78
110031.XSHG,航信转债,停牌,2021-05-31,318
123046.XSHE,天铁转债,规模小于一亿,2021-05-31,329
113509.XSHG,新泉转债,规模小于一亿,2021-05-31,336
113575.XSHG,东时转债,规模小于一亿,2021-05-31,338
123030.XSHE,九洲转债,规模小于一亿,2021-05-31,340
123034.XSHE,通光转债,规模小于一亿,2021-05-31,344
123031.XSHE,晶瑞转债,规模小于一亿,2021-05-31,352
128030.XSHE,天康转债,规模小于一亿,2021-05-31,353
123018.XSHE,溢利转债,规模小于一亿,2021-05-31,356
110044.XSHG,广电转债,规模小于一亿,2021-05-31,358
113580.XSHG,康隆转债,规模小于一亿,2021-05-31,359
128041.XSHE,盛路转债,规模小于一亿,2021-05-31,361
123013.XSHE,横河转债,规模小于一亿,2021-05-31,362
123029.XSHE,英科转债,规模小于一亿,2021-05-31,363
110067.XSHG,华安转债,停牌,2021-06-07,149
110031.XSHG,航信转债,停牌,2021-06-07,320
123046.XSHE,天铁转债,规模小于一亿,2021-06-07,332
113509.XSHG,新泉转债,规模小于一亿,2021-06-07,335
113575.XSHG,东时转债,规模小于一亿,2021-06-07,338
123030.XSHE,九洲转债,规模小于一亿,2021-06-07,339
123034.XSHE,通光转债,规模小于一亿,2021-06-07,345
123031.XSHE,晶瑞转债,规模小于一亿,2021-06-07,353
123018.XSHE,溢利转债,规模小于一亿,2021-06-07,354
128030.XSHE,天康转债,规模小于一亿,2021-06-07,355
113580.XSHG,康隆转债,规模小于一亿,2021-06-07,359
110044.XSHG,广电转债,规模小于一亿,2021-06-07,360
128041.XSHE,盛路转债,规模小于一亿,2021-06-07,362
123013.XSHE,横河转债,规模小于一亿,2021-06-07,363
123029.XSHE,英科转债,规模小于一亿,2021-06-07,364
110065.XSHG,淮矿转债,已公告强赎,2021-06-15,182
128022.XSHE,众信转债,停牌,2021-06-15,228
113041.XSHG,紫金转债,已公告强赎,2021-06-15,245
113575.XSHG,东时转债,规模小于一亿,2021-06-15,332
123030.XSHE,九洲转债,规模小于一亿,2021-06-15,334
123046.XSHE,天铁转债,规模小于一亿,2021-06-15,341
113509.XSHG,新泉转债,规模小于一亿,2021-06-15,342
123034.XSHE,通光转债,规模小于一亿,2021-06-15,344
123031.XSHE,晶瑞转债,规模小于一亿,2021-06-15,350
128030.XSHE,天康转债,规模小于一亿,2021-06-15,352
123018.XSHE,溢利转债,规模小于一亿,2021-06-15,355
110044.XSHG,广电转债,规模小于一亿,2021-06-15,359
113580.XSHG,康隆转债,规模小于一亿,2021-06-15,360
128041.XSHE,盛路转债,规模小于一亿,2021-06-15,362
123013.XSHE,横河转债,规模小于一亿,2021-06-15,363
123029.XSHE,英科转债,规模小于一亿,2021-06-15,364
110065.XSHG,淮矿转债,已公告强赎,2021-06-21,77
127023.XSHE,华菱转2,已公告强赎,2021-06-21,143
113041.XSHG,紫金转债,已公告强赎,2021-06-21,200
128022.XSHE,众信转债,停牌,2021-06-21,231
123058.XSHE,欣旺转债,已公告强赎,2021-06-21,239
113559.XSHG,永创转债,已公告强赎,2021-06-21,296
113575.XSHG,东时转债,规模小于一亿,2021-06-21,328
123030.XSHE,九洲转债,规模小于一亿,2021-06-21,330
113509.XSHG,新泉转债,规模小于一亿,2021-06-21,343
123034.XSHE,通光转债,规模小于一亿,2021-06-21,345
123046.XSHE,天铁转债,规模小于一亿,2021-06-21,346
128030.XSHE,天康转债,规模小于一亿,2021-06-21,348
128095.XSHE,恩捷转债,停牌,2021-06-21,354
123031.XSHE,晶瑞转债,规模小于一亿,2021-06-21,355
123018.XSHE,溢利转债,规模小于一亿,2021-06-21,356
113580.XSHG,康隆转债,规模小于一亿,2021-06-21,361
110044.XSHG,广电转债,规模小于一亿,2021-06-21,362
128041.XSHE,盛路转债,规模小于一亿,2021-06-21,363
123013.XSHE,横河转债,规模小于一亿,2021-06-21,365
123029.XSHE,英科转债,规模小于一亿,2021-06-21,366
127023.XSHE,华菱转2,已公告强赎,2021-06-28,138
110065.XSHG,淮矿转债,已公告强赎,2021-06-28,175
128022.XSHE,众信转债,停牌,2021-06-28,225
123058.XSHE,欣旺转债,已公告强赎,2021-06-28,236
113575.XSHG,东时转债,规模小于一亿,2021-06-28,326
123030.XSHE,九洲转债,规模小于一亿,2021-06-28,330
123046.XSHE,天铁转债,规模小于一亿,2021-06-28,341
113509.XSHG,新泉转债,规模小于一亿,2021-06-28,342
123034.XSHE,通光转债,规模小于一亿,2021-06-28,344
128030.XSHE,天康转债,规模小于一亿,2021-06-28,348
123018.XSHE,溢利转债,规模小于一亿,2021-06-28,352
123031.XSHE,晶瑞转债,规模小于一亿,2021-06-28,353
113580.XSHG,康隆转债,规模小于一亿,2021-06-28,358
110044.XSHG,广电转债,规模小于一亿,2021-06-28,359
128041.XSHE,盛路转债,规模小于一亿,2021-06-28,361
123013.XSHE,横河转债,规模小于一亿,2021-06-28,363
123029.XSHE,英科转债,规模小于一亿,2021-06-28,364
127023.XSHE,华菱转2,已公告强赎,2021-07-05,123
123058.XSHE,欣旺转债,已公告强赎,2021-07-05,214
128032.XSHE,双环转债,已公告强赎,2021-07-05,284
123030.XSHE,九洲转债,规模小于一亿,2021-07-05,331
113575.XSHG,东时转债,规模小于一亿,2021-07-05,332
113543.XSHG,欧派转债,已公告强赎,2021-07-05,334
113509.XSHG,新泉转债,规模小于一亿,2021-07-05,342
123046.XSHE,天铁转债,规模小于一亿,2021-07-05,346
123034.XSHE,通光转债,规模小于一亿,2021-07-05,349
128030.XSHE,天康转债,规模小于一亿,2021-07-05,352
123018.XSHE,溢利转债,规模小于一亿,2021-07-05,355
123031.XSHE,晶瑞转债,规模小于一亿,2021-07-05,360
113580.XSHG,康隆转债,规模小于一亿,2021-07-05,362
110044.XSHG,广电转债,规模小于一亿,2021-07-05,364
128041.XSHE,盛路转债,规模小于一亿,2021-07-05,366
123013.XSHE,横河转债,规模小于一亿,2021-07-05,367
123029.XSHE,英科转债,规模小于一亿,2021-07-05,368
123058.XSHE,欣旺转债,已公告强赎,2021-07-12,0
127023.XSHE,华菱转2,已公告强赎,2021-07-12,152
113040.XSHG,星宇转债,已公告强赎,2021-07-12,193
113575.XSHG,东时转债,规模小于一亿,2021-07-12,334
128032.XSHE,双环转债,已公告强赎,2021-07-12,335
123030.XSHE,九洲转债,规模小于一亿,2021-07-12,342
113509.XSHG,新泉转债,规模小于一亿,2021-07-12,343
123034.XSHE,通光转债,规模小于一亿,2021-07-12,345
123046.XSHE,天铁转债,规模小于一亿,2021-07-12,348
128030.XSHE,天康转债,规模小于一亿,2021-07-12,351
123018.XSHE,溢利转债,规模小于一亿,2021-07-12,356
123031.XSHE,晶瑞转债,规模小于一亿,2021-07-12,361
113580.XSHG,康隆转债,规模小于一亿,2021-07-12,362
110044.XSHG,广电转债,规模小于一亿,2021-07-12,364
128041.XSHE,盛路转债,规模小于一亿,2021-07-12,367
123013.XSHE,横河转债,规模小于一亿,2021-07-12,369
123029.XSHE,英科转债,规模小于一亿,2021-07-12,370
127023.XSHE,华菱转2,已公告强赎,2021-07-19,0
113040.XSHG,星宇转债,已公告强赎,2021-07-19,118
113611.XSHG,福20转债,已公告强赎,2021-07-19,309
128032.XSHE,双环转债,已公告强赎,2021-07-19,321
123007.XSHE,道氏转债,已公告强赎,2021-07-19,331
113575.XSHG,东时转债,规模小于一亿,2021-07-19,335
113509.XSHG,新泉转债,规模小于一亿,2021-07-19,342
123034.XSHE,通光转债,规模小于一亿,2021-07-19,348
123030.XSHE,九洲转债,规模小于一亿,2021-07-19,349
123046.XSHE,天铁转债,规模小于一亿,2021-07-19,352
128030.XSHE,天康转债,规模小于一亿,2021-07-19,354
123018.XSHE,溢利转债,规模小于一亿,2021-07-19,356
123031.XSHE,晶瑞转债,规模小于一亿,2021-07-19,362
113580.XSHG,康隆转债,规模小于一亿,2021-07-19,363
110044.XSHG,广电转债,规模小于一亿,2021-07-19,366
128041.XSHE,盛路转债,规模小于一亿,2021-07-19,368
123013.XSHE,横河转债,规模小于一亿,2021-07-19,369
123029.XSHE,英科转债,规模小于一亿,2021-07-19,370
127023.XSHE,华菱转2,已公告强赎,2021-07-26,0
113040.XSHG,星宇转债,已公告强赎,2021-07-26,99
128032.XSHE,双环转债,规模小于一亿,2021-07-26,279
123007.XSHE,道氏转债,已公告强赎,2021-07-26,320
113611.XSHG,福20转债,已公告强赎,2021-07-26,332
113575.XSHG,东时转债,规模小于一亿,2021-07-26,337
113509.XSHG,新泉转债,规模小于一亿,2021-07-26,346
123030.XSHE,九洲转债,规模小于一亿,2021-07-26,348
128030.XSHE,天康转债,规模小于一亿,2021-07-26,357
123034.XSHE,通光转债,规模小于一亿,2021-07-26,358
123018.XSHE,溢利转债,规模小于一亿,2021-07-26,359
123046.XSHE,天铁转债,规模小于一亿,2021-07-26,360
113580.XSHG,康隆转债,规模小于一亿,2021-07-26,367
123031.XSHE,晶瑞转债,规模小于一亿,2021-07-26,368
110044.XSHG,广电转债,规模小于一亿,2021-07-26,370
128041.XSHE,盛路转债,规模小于一亿,2021-07-26,372
123013.XSHE,横河转债,规模小于一亿,2021-07-26,373
123029.XSHE,英科转债,规模小于一亿,2021-07-26,374
128032.XSHE,双环转债,已公告强赎,2021-08-02,0
128064.XSHE,司尔转债,已公告强赎,2021-08-02,23
113040.XSHG,星宇转债,已公告强赎,2021-08-02,129
123033.XSHE,金力转债,已公告强赎,2021-08-02,198
123007.XSHE,道氏转债,规模小于一亿,2021-08-02,317
123079.XSHE,运达转债,已公告强赎,2021-08-02,321
113575.XSHG,东时转债,规模小于一亿,2021-08-02,331
123066.XSHE,赛意转债,规模小于一亿,2021-08-02,336
123034.XSHE,通光转债,规模小于一亿,2021-08-02,344
123030.XSHE,九洲转债,规模小于一亿,2021-08-02,345
113509.XSHG,新泉转债,规模小于一亿,2021-08-02,347
128030.XSHE,天康转债,规模小于一亿,2021-08-02,353
123018.XSHE,溢利转债,规模小于一亿,2021-08-02,355
123046.XSHE,天铁转债,规模小于一亿,2021-08-02,356
113580.XSHG,康隆转债,规模小于一亿,2021-08-02,364
110044.XSHG,广电转债,规模小于一亿,2021-08-02,368
128041.XSHE,盛路转债,规模小于一亿,2021-08-02,369
123031.XSHE,晶瑞转债,规模小于一亿,2021-08-02,370
123013.XSHE,横河转债,规模小于一亿,2021-08-02,371
123029.XSHE,英科转债,规模小于一亿,2021-08-02,372
113508.XSHG,新凤转债,已公告强赎,2021-08-09,13
128064.XSHE,司尔转债,已公告强赎,2021-08-09,25
110077.XSHG,洪城转债,停牌,2021-08-09,73
123033.XSHE,金力转债,已公告强赎,2021-08-09,219
128051.XSHE,光华转债,已公告强赎,2021-08-09,264
123007.XSHE,道氏转债,规模小于一亿,2021-08-09,311
123079.XSHE,运达转债,已公告强赎,2021-08-09,314
123066.XSHE,赛意转债,规模小于一亿,2021-08-09,323
113575.XSHG,东时转债,规模小于一亿,2021-08-09,336
113509.XSHG,新泉转债,规模小于一亿,2021-08-09,339
123030.XSHE,九洲转债,规模小于一亿,2021-08-09,340
123034.XSHE,通光转债,规模小于一亿,2021-08-09,346
123018.XSHE,溢利转债,规模小于一亿,2021-08-09,352
123046.XSHE,天铁转债,规模小于一亿,2021-08-09,354
128030.XSHE,天康转债,规模小于一亿,2021-08-09,357
113580.XSHG,康隆转债,规模小于一亿,2021-08-09,365
110044.XSHG,广电转债,规模小于一亿,2021-08-09,366
128041.XSHE,盛路转债,规模小于一亿,2021-08-09,369
123031.XSHE,晶瑞转债,规模小于一亿,2021-08-09,370
123013.XSHE,横河转债,规模小于一亿,2021-08-09,371
123029.XSHE,英科转债,规模小于一亿,2021-08-09,372
123066.XSHE,赛意转债,已公告强赎,2021-08-16,0
123007.XSHE,道氏转债,已公告强赎,2021-08-16,1
113508.XSHG,新凤转债,已公告强赎,2021-08-16,26
123033.XSHE,金力转债,已公告强赎,2021-08-16,176
128064.XSHE,司尔转债,已公告强赎,2021-08-16,305
128051.XSHE,光华转债,规模小于一亿,2021-08-16,306
123079.XSHE,运达转债,已公告强赎,2021-08-16,319
113575.XSHG,东时转债,规模小于一亿,2021-08-16,335
113509.XSHG,新泉转债,规模小于一亿,2021-08-16,338
123094.XSHE,星源转2,已公告强赎,2021-08-16,345
123030.XSHE,九洲转债,规模小于一亿,2021-08-16,346
123018.XSHE,溢利转债,规模小于一亿,2021-08-16,352
123046.XSHE,天铁转债,规模小于一亿,2021-08-16,355
123034.XSHE,通光转债,规模小于一亿,2021-08-16,359
128030.XSHE,天康转债,规模小于一亿,2021-08-16,360
113580.XSHG,康隆转债,规模小于一亿,2021-08-16,366
110044.XSHG,广电转债,规模小于一亿,2021-08-16,367
128041.XSHE,盛路转债,规模小于一亿,2021-08-16,371
123031.XSHE,晶瑞转债,规模小于一亿,2021-08-16,372
123013.XSHE,横河转债,规模小于一亿,2021-08-16,373
123029.XSHE,英科转债,规模小于一亿,2021-08-16,374
123066.XSHE,赛意转债,已公告强赎,2021-08-23,0
113508.XSHG,新凤转债,已公告强赎,2021-08-23,2
113012.XSHG,骆驼转债,已公告强赎,2021-08-23,79
123033.XSHE,金力转债,已公告强赎,2021-08-23,133
128064.XSHE,司尔转债,规模小于一亿,2021-08-23,186
128051.XSHE,光华转债,规模小于一亿,2021-08-23,311
113575.XSHG,东时转债,规模小于一亿,2021-08-23,329
123094.XSHE,星源转2,已公告强赎,2021-08-23,330
123079.XSHE,运达转债,已公告强赎,2021-08-23,342
123030.XSHE,九洲转债,规模小于一亿,2021-08-23,346
123018.XSHE,溢利转债,规模小于一亿,2021-08-23,351
123034.XSHE,通光转债,规模小于一亿,2021-08-23,355
128030.XSHE,天康转债,规模小于一亿,2021-08-23,361
123046.XSHE,天铁转债,规模小于一亿,2021-08-23,364
110044.XSHG,广电转债,规模小于一亿,2021-08-23,367
113580.XSHG,康隆转债,规模小于一亿,2021-08-23,368
128041.XSHE,盛路转债,规模小于一亿,2021-08-23,372
123031.XSHE,晶瑞转债,规模小于一亿,2021-08-23,373
123013.XSHE,横河转债,规模小于一亿,2021-08-23,374
123029.XSHE,英科转债,规模小于一亿,2021-08-23,375
128064.XSHE,司尔转债,已公告强赎,2021-08-30,0
113508.XSHG,新凤转债,已公告强赎,2021-08-30,4
113012.XSHG,骆驼转债,已公告强赎,2021-08-30,158
123033.XSHE,金力转债,已公告强赎,2021-08-30,164
113612.XSHG,永冠转债,已公告强赎,2021-08-30,204
113575.XSHG,东时转债,规模小于一亿,2021-08-30,322
128051.XSHE,光华转债,规模小于一亿,2021-08-30,326
123094.XSHE,星源转2,已公告强赎,2021-08-30,329
123030.XSHE,九洲转债,规模小于一亿,2021-08-30,332
123079.XSHE,运达转债,规模小于一亿,2021-08-30,340
123018.XSHE,溢利转债,规模小于一亿,2021-08-30,349
123034.XSHE,通光转债,规模小于一亿,2021-08-30,355
128030.XSHE,天康转债,规模小于一亿,2021-08-30,363
110044.XSHG,广电转债,规模小于一亿,2021-08-30,366
123046.XSHE,天铁转债,规模小于一亿,2021-08-30,367
113580.XSHG,康隆转债,规模小于一亿,2021-08-30,368
128041.XSHE,盛路转债,规模小于一亿,2021-08-30,373
123031.XSHE,晶瑞转债,规模小于一亿,2021-08-30,374
123013.XSHE,横河转债,规模小于一亿,2021-08-30,375
123029.XSHE,英科转债,规模小于一亿,2021-08-30,376
123033.XSHE,金力转债,已公告强赎,2021-09-06,0
113612.XSHG,永冠转债,已公告强赎,2021-09-06,239
128051.XSHE,光华转债,规模小于一亿,2021-09-06,303
113575.XSHG,东时转债,规模小于一亿,2021-09-06,325
123030.XSHE,九洲转债,规模小于一亿,2021-09-06,332
123094.XSHE,星源转2,已公告强赎,2021-09-06,343
123018.XSHE,溢利转债,规模小于一亿,2021-09-06,347
123034.XSHE,通光转债,规模小于一亿,2021-09-06,349
123079.XSHE,运达转债,规模小于一亿,2021-09-06,350
128030.XSHE,天康转债,规模小于一亿,2021-09-06,363
110044.XSHG,广电转债,规模小于一亿,2021-09-06,365
113580.XSHG,康隆转债,规模小于一亿,2021-09-06,366
123046.XSHE,天铁转债,规模小于一亿,2021-09-06,367
128041.XSHE,盛路转债,规模小于一亿,2021-09-06,372
123031.XSHE,晶瑞转债,规模小于一亿,2021-09-06,373
123013.XSHE,横河转债,规模小于一亿,2021-09-06,374
123029.XSHE,英科转债,规模小于一亿,2021-09-06,375
123079.XSHE,运达转债,已公告强赎,2021-09-13,0
128051.XSHE,光华转债,已公告强赎,2021-09-13,1
123094.XSHE,星源转2,已公告强赎,2021-09-13,2
113014.XSHG,林洋转债,已公告强赎,2021-09-13,53
113572.XSHG,三祥转债,已公告强赎,2021-09-13,245
113575.XSHG,东时转债,规模小于一亿,2021-09-13,325
123030.XSHE,九洲转债,规模小于一亿,2021-09-13,341
123018.XSHE,溢利转债,规模小于一亿,2021-09-13,347
123034.XSHE,通光转债,规模小于一亿,2021-09-13,352
123046.XSHE,天铁转债,规模小于一亿,2021-09-13,361
128030.XSHE,天康转债,规模小于一亿,2021-09-13,364
110044.XSHG,广电转债,规模小于一亿,2021-09-13,366
113580.XSHG,康隆转债,规模小于一亿,2021-09-13,369
123031.XSHE,晶瑞转债,规模小于一亿,2021-09-13,373
128041.XSHE,盛路转债,规模小于一亿,2021-09-13,374
123013.XSHE,横河转债,规模小于一亿,2021-09-13,375
123029.XSHE,英科转债,规模小于一亿,2021-09-13,376
123030.XSHE,九洲转债,已公告强赎,2021-09-22,0
123068.XSHE,弘信转债,已公告强赎,2021-09-22,3
123051.XSHE,今天转债,已公告强赎,2021-09-22,4
128018.XSHE,时达转债,已公告强赎,2021-09-22,8
113014.XSHG,林洋转债,已公告强赎,2021-09-22,199
113572.XSHG,三祥转债,规模小于一亿,2021-09-22,218
123028.XSHE,清水转债,停牌,2021-09-22,321
113575.XSHG,东时转债,规模小于一亿,2021-09-22,323
123047.XSHE,久吾转债,已公告强赎,2021-09-22,344
123018.XSHE,溢利转债,规模小于一亿,2021-09-22,348
123034.XSHE,通光转债,规模小于一亿,2021-09-22,351
128030.XSHE,天康转债,规模小于一亿,2021-09-22,356
110044.XSHG,广电转债,规模小于一亿,2021-09-22,364
123046.XSHE,天铁转债,规模小于一亿,2021-09-22,365
113580.XSHG,康隆转债,规模小于一亿,2021-09-22,368
123031.XSHE,晶瑞转债,规模小于一亿,2021-09-22,371
128041.XSHE,盛路转债,规模小于一亿,2021-09-22,372
123013.XSHE,横河转债,规模小于一亿,2021-09-22,374
123029.XSHE,英科转债,规模小于一亿,2021-09-22,375
